CAB INDUK,RLM,LM,No Aktiva,No Pol,No Lambung,Lokasi Armada,Jenis Kiriman,Type Kendaraan,Merk,Tahun Rakit,STATUS,CEK,BAN SEREP,KONDOM SOLAR,TALI RACHET,STICKER DELIVER VAN,TAILGATE,STOPPER TAILGATE,LIDAH TAILGATE (JEMBATAN)
PWK1,SGT,HRL,K21.000032,B9480FCC,PWK001,DCI,DRY,ENGKEL,HINO,2013,AKTIF,SUDAH SO,ADA,ADA,ADA,ADA,ADA,ADA,ADA
PWK1,SGT,HRL,K21.000033,B9481FCC,PWK002,DCI,DRY,ENGKEL,HINO,2013,AKTIF,SUDAH SO,ADA,ADA,ADA,ADA,ADA,ADA,ADA
PWK1,SGT,HRL,K21.000036,B9483FCC,PWK003,DCI,DRY,ENGKEL,HINO,2013,AKTIF,SUDAH SO,ADA,ADA,ADA,TIDAK ADA,ADA,ADA,ADA
PWK1,SGT,HRL,K21.000037,B9484FCC,PWK004,DCI,DRY,ENGKEL,HINO,2013,AKTIF,SUDAH SO,ADA,ADA,ADA,ADA,ADA,ADA,ADA
PWK1,SGT,HRL,K21.035993,T8040AN,PWK005,DCI,DRY,ENGKEL,HINO,2017,AKTIF,SUDAH SO,ADA,ADA,ADA,ADA,ADA,ADA,ADA
PWK1,SGT,HRL,K21.035992,T8041AN,PWK006,DCI,DRY,ENGKEL,HINO,2018,AKTIF,SUDAH SO,ADA,ADA,ADA,ADA,ADA,ADA,ADA
PWK1,SGT,HRL,K21.000040,B9487FCC,PWK007,DCI,DRY,ENGKEL,HINO,2013,AKTIF,SUDAH SO,ADA,ADA,ADA,TIDAK ADA,ADA,ADA,ADA
PWK1,SGT,HRL,K21.000035,B9482FCC,PWK008,DCI,DRY,ENGKEL,HINO,2013,AKTIF,SUDAH SO,ADA,ADA,ADA,ADA,ADA,ADA,ADA
PWK1,SGT,HRL,K21.000041,B9606FCC,PWK009,DCI,DRY,ENGKEL,HINO,2013,AKTIF,SUDAH SO,ADA,ADA,ADA,TIDAK ADA,ADA,ADA,ADA
PWK1,SGT,HRL,K21.000042,B9607FCC,PWK010,DCI,DRY,ENGKEL,HINO,2013,AKTIF,SUDAH SO,ADA,ADA,ADA,ADA,ADA,ADA,ADA
PWK1,SGT,HRL,K07.000560,B9344FCB,PWK011,DCI,DRY,ENGKEL,HINO,2012,AKTIF,SUDAH SO,ADA,ADA,ADA,ADA,ADA,ADA,ADA
PWK1,SGT,HRL,K21.010302,T8623AL,PWK012,DCI,DRY,ENGKEL,HINO,2017,AKTIF,SUDAH SO,ADA,ADA,ADA,ADA,ADA,ADA,ADA
PWK1,SGT,HRL,K21.010311,T8624AL,PWK014,DCI,DRY,ENGKEL,HINO,2017,AKTIF,SUDAH SO,ADA,ADA,ADA,ADA,ADA,ADA,ADA
PWK1,SGT,HRL,K07.000440,B9652UY,PWK016,DCI,DRY,ENGKEL,HINO,2009,AKTIF,SUDAH SO,ADA,ADA,ADA,TIDAK ADA,ADA,ADA,ADA
PWK1,SGT,HRL,K02.000380,B9870UW,PWK017,P3AT,DRY,ENGKEL,HINO,2009,ACC P3AT LOG HO,BELUM SO,BELUM SO,BELUM SO,BELUM SO,BELUM SO,BELUM SO,BELUM SO,BELUM SO
PWK1,SGT,HRL,K21.036021,T8652AN,PWK019,DCI,DRY,ENGKEL,HINO,2021,AKTIF,SUDAH SO,ADA,ADA,ADA,ADA,ADA,ADA,ADA
PWK1,SGT,HRL,K21.036050,T8056AP,PWK021,DCI,DRY,ENGKEL,HINO,2021,AKTIF,SUDAH SO,ADA,ADA,ADA,ADA,ADA,ADA,ADA
PWK1,SGT,HRL,K21.010312,T8625AL,PWK024,DCI,DRY,ENGKEL,HINO,2017,ACC P3AT LOG HO,SUDAH SO,ADA,ADA,ADA,ADA,ADA,ADA,ADA
PWK1,SGT,HRL,K07.000559,B9338FCB,PWK025,DCI,DRY,ENGKEL,HINO,2012,AKTIF,SUDAH SO,ADA,ADA,ADA,ADA,ADA,ADA,ADA
PWK1,SGT,HRL,K21.010318,T8783AL,PWK028,DCI,DRY,L300,MITSUBISHI,2018,AKTIF,SUDAH SO,ADA,ADA,BELUM SO,ADA,BELUM SO,BELUM SO,BELUM SO
PWK1,SGT,HRL,K04.000368,D8969DM,PWK035,P3AT,DRY,ENGKEL,HINO,2010,ACC P3AT LOG HO,BELUM SO,BELUM SO,BELUM SO,BELUM SO,BELUM SO,BELUM SO,BELUM SO,BELUM SO
PWK1,SGT,HRL,K21.035994,T8042AN,PWK036,DCI,DRY,ENGKEL,HINO,2018,AKTIF,SUDAH SO,ADA,ADA,ADA,ADA,ADA,ADA,ADA
PWK1,SGT,HRL,K04.000488,D8121EE,PWK037,DCI,DRY,ENGKEL,HINO,2012,AKTIF,SUDAH SO,ADA,ADA,ADA,ADA,ADA,ADA,ADA
PWK1,SGT,HRL,K04.000439,D8062EA,PWK038,DCI,DRY,ENGKEL,HINO,2012,AKTIF,SUDAH SO,ADA,ADA,ADA,ADA,ADA,ADA,ADA
PWK1,SGT,HRL,K04.000487,D8120EE,PWK039,DCI,DRY,ENGKEL,HINO,2012,AKTIF,SUDAH SO,ADA,ADA,ADA,ADA,ADA,ADA,ADA
PWK1,SGT,HRL,K04.000534,D8117EE,PWK040,DCI,DRY,ENGKEL,HINO,2012,AKTIF,SUDAH SO,ADA,ADA,ADA,ADA,ADA,ADA,ADA
PWK1,SGT,HRL,K04.000440,D8105EA,PWK041,DCI,DRY,ENGKEL,HINO,2012,AKTIF,SUDAH SO,ADA,ADA,ADA,ADA,ADA,ADA,ADA
PWK1,SGT,HRL,K04.000441,D8106EA,PWK042,DCI,DRY,ENGKEL,HINO,2012,AKTIF,SUDAH SO,ADA,ADA,ADA,ADA,ADA,ADA,ADA
PWK1,SGT,HRL,K04.000485,D8857EE,PWK044,DCI,DRY,ENGKEL,MITSUBISHI,2013,AKTIF,SUDAH SO,ADA,ADA,ADA,TIDAK ADA,ADA,ADA,ADA
PWK1,SGT,HRL,K04.000483,D8853EE,PWK045,DCI,DRY,ENGKEL,MITSUBISHI,2013,AKTIF,SUDAH SO,ADA,ADA,ADA,ADA,ADA,ADA,ADA
PWK1,SGT,HRL,K21.000021,B9707FCC,PWK046,DCI,DRY,ENGKEL,HINO,2014,AKTIF,SUDAH SO,ADA,ADA,ADA,ADA,ADA,ADA,ADA
PWK1,SGT,HRL,K08.000425,F8756GP,PWK047,DCI,DRY,L300,MITSUBISHI,2014,AKTIF,SUDAH SO,ADA,ADA,BELUM SO,ADA,BELUM SO,BELUM SO,BELUM SO
PWK1,SGT,HRL,K21.000014,B9709FCC,PWK048,DCI,DRY,ENGKEL,HINO,2014,AKTIF,SUDAH SO,ADA,ADA,ADA,ADA,ADA,ADA,ADA
PWK1,SGT,HRL,K21.000024,B9710FCC,PWK049,DCI,DRY,ENGKEL,HINO,2014,AKTIF,SUDAH SO,ADA,ADA,ADA,TIDAK ADA,ADA,ADA,ADA
PWK1,SGT,HRL,K21.000020,B9711FCC,PWK050,DCI,DRY,ENGKEL,HINO,2014,AKTIF,SUDAH SO,ADA,ADA,ADA,ADA,ADA,ADA,ADA
PWK1,SGT,HRL,K21.044855,T8480AQ,PWK051,DCI,DRY,DOUBLE,HINO,2024,AKTIF,SUDAH SO,ADA,ADA,ADA,TIDAK ADA,ADA,ADA,ADA
PWK1,SGT,HRL,K21.035995,T8150AN,PWK052,DCI,DRY,DOUBLE,HINO,2019,AKTIF,SUDAH SO,ADA,ADA,ADA,ADA,ADA,ADA,ADA
PWK1,SGT,HRL,K07.000501,B9133FCA,PWK054,P3AT,DRY,DOUBLE,HINO,2010,ACC P3AT LOG HO,BELUM SO,BELUM SO,BELUM SO,BELUM SO,BELUM SO,BELUM SO,BELUM SO,BELUM SO
PWK1,SGT,HRL,K21.043153,T8179AQ,PWK055,DCI,DRY,DOUBLE,HINO,2023,AKTIF,SUDAH SO,ADA,ADA,ADA,ADA,ADA,ADA,ADA
PWK1,SGT,HRL,K07.000507,B9258FCA,PWK056,DCI,DRY,DOUBLE,HINO,2010,AKTIF,SUDAH SO,ADA,ADA,ADA,ADA,ADA,ADA,ADA
PWK1,SGT,HRL,K21.044850,T8397AQ,PWK057,DCI,DRY,DOUBLE,HINO,2024,AKTIF,SUDAH SO,ADA,ADA,ADA,ADA,ADA,ADA,ADA
PWK1,SGT,HRL,K21.036111,T8923AP,PWK058,DCI,DRY,DOUBLE,HINO,2022,AKTIF,SUDAH SO,ADA,ADA,ADA,ADA,ADA,ADA,ADA
PWK1,SGT,HRL,K21.044846,T8389AQ,PWK059,DCI,DRY,DOUBLE,HINO,2024,AKTIF,SUDAH SO,ADA,ADA,ADA,ADA,ADA,ADA,ADA
PWK1,SGT,HRL,K21.044847,T8390AQ,PWK060,DCI,DRY,DOUBLE,HINO,2024,AKTIF,SUDAH SO,ADA,ADA,ADA,ADA,ADA,ADA,ADA
PWK1,SGT,HRL,K21.035996,T8151AN,PWK061,DCI,DRY,DOUBLE,HINO,2019,AKTIF,SUDAH SO,ADA,ADA,ADA,ADA,ADA,ADA,ADA
PWK1,SGT,HRL,K21.044848,T8395AQ,PWK062,DCI,DRY,DOUBLE,HINO,2024,AKTIF,SUDAH SO,ADA,ADA,ADA,ADA,ADA,ADA,ADA
PWK1,SGT,HRL,K21.044849,T8396AQ,PWK063,DCI,DRY,DOUBLE,HINO,2024,AKTIF,SUDAH SO,ADA,ADA,ADA,ADA,ADA,ADA,ADA
PWK1,SGT,HRL,K21.010303,T8611AL,PWK064,DCI,DRY,DOUBLE,HINO,2017,AKTIF,SUDAH SO,ADA,ADA,ADA,ADA,ADA,ADA,ADA
PWK1,SGT,HRL,K21.036102,T8735AP,PWK065,DCI,DRY,DOUBLE,HINO,2022,AKTIF,SUDAH SO,ADA,ADA,ADA,ADA,ADA,ADA,ADA
PWK1,SGT,HRL,K21.036103,T8736AP,PWK066,DCI,DRY,DOUBLE,HINO,2022,AKTIF,SUDAH SO,ADA,ADA,ADA,ADA,ADA,ADA,ADA
PWK1,SGT,HRL,K21.036104,T8737AP,PWK067,DCI,DRY,DOUBLE,HINO,2022,AKTIF,SUDAH SO,ADA,ADA,ADA,ADA,ADA,ADA,ADA
PWK1,SGT,HRL,K21.044851,T8403AQ,PWK068,DCI,DRY,DOUBLE,HINO,2024,AKTIF,SUDAH SO,ADA,ADA,ADA,ADA,ADA,ADA,ADA
PWK1,SGT,HRL,K21.036106,T8865AP,PWK069,DCI,DRY,DOUBLE,HINO,2022,AKTIF,SUDAH SO,ADA,ADA,ADA,ADA,ADA,ADA,ADA
PWK1,SGT,HRL,K21.036110,T8902AP,PWK070,DCI,DRY,DOUBLE,HINO,2023,AKTIF,SUDAH SO,ADA,ADA,ADA,ADA,ADA,ADA,ADA
PWK1,SGT,HRL,K21.036112,T8924AP,PWK071,DCI,DRY,DOUBLE,HINO,2022,AKTIF,SUDAH SO,ADA,ADA,ADA,ADA,ADA,ADA,ADA
PWK1,SGT,HRL,K07.000502,B9255FCA,PWK072,P3AT,DRY,DOUBLE,HINO,2010,ACC P3AT LOG HO,BELUM SO,BELUM SO,BELUM SO,BELUM SO,BELUM SO,BELUM SO,BELUM SO,BELUM SO
PWK1,SGT,HRL,K21.044852,T8404AQ,PWK073,DCI,DRY,DOUBLE,HINO,2024,AKTIF,SUDAH SO,ADA,ADA,ADA,ADA,ADA,ADA,ADA
PWK1,SGT,HRL,K07.000500,B9132FCA,PWK074,P3AT,DRY,DOUBLE,HINO,2010,ACC P3AT LOG HO,BELUM SO,BELUM SO,BELUM SO,BELUM SO,BELUM SO,BELUM SO,BELUM SO,BELUM SO
PWK1,SGT,HRL,K21.036113,T8925AP,PWK075,DCI,DRY,DOUBLE,HINO,2022,AKTIF,SUDAH SO,ADA,ADA,ADA,ADA,ADA,ADA,ADA
PWK1,SGT,HRL,K21.036114,T8926AP,PWK076,DCI,DRY,DOUBLE,HINO,2022,AKTIF,SUDAH SO,ADA,ADA,ADA,ADA,ADA,ADA,ADA
PWK1,SGT,HRL,K21.036115,T8927AP,PWK077,DCI,DRY,DOUBLE,HINO,2023,AKTIF,SUDAH SO,ADA,ADA,ADA,ADA,ADA,ADA,ADA
PWK1,SGT,HRL,K21.044853,T8405AQ,PWK078,DCI,DRY,DOUBLE,HINO,2024,AKTIF,SUDAH SO,ADA,ADA,ADA,ADA,ADA,ADA,ADA
PWK1,SGT,HRL,K21.044854,T8406AQ,PWK079,DCI,DRY,DOUBLE,HINO,2024,AKTIF,SUDAH SO,ADA,ADA,ADA,ADA,ADA,ADA,ADA
PWK1,SGT,HRL,K21.044856,T8481AQ,PWK080,DCI,DRY,DOUBLE,HINO,2024,AKTIF,SUDAH SO,ADA,ADA,ADA,ADA,ADA,ADA,ADA
PWK1,SGT,HRL,K04.000298,D8869DH,PWK081,P3AT,DRY,DOUBLE,HINO,2009,ACC P3AT LOG HO,BELUM SO,BELUM SO,BELUM SO,BELUM SO,BELUM SO,BELUM SO,BELUM SO,BELUM SO
PWK1,SGT,HRL,K07.000663,B9689FCC,PWK082,DCI,DRY,DOUBLE,MITSUBISHI,2013,AKTIF,SUDAH SO,ADA,ADA,ADA,ADA,ADA,ADA,ADA
PWK1,SGT,HRL,K21.044857,T8482AQ,PWK083,DCI,DRY,DOUBLE,HINO,2024,AKTIF,SUDAH SO,ADA,ADA,ADA,ADA,ADA,ADA,ADA
PWK1,SGT,HRL,K04.000379,D8773DM,PWK085,DCI,DRY,DOUBLE,HINO,2010,AKTIF,BELUM SO,BELUM SO,BELUM SO,BELUM SO,BELUM SO,BELUM SO,BELUM SO,BELUM SO
PWK1,SGT,HRL,K21.010295,T8896AK,PWK088,DCI,DRY,DOUBLE,MITSUBISHI,2017,AKTIF,SUDAH SO,ADA,ADA,ADA,ADA,ADA,ADA,ADA
PWK1,SGT,HRL,K21.010296,T8897AK,PWK089,DCI,DRY,DOUBLE,MITSUBISHI,2017,AKTIF,SUDAH SO,ADA,ADA,ADA,ADA,ADA,ADA,ADA
PWK1,SGT,HRL,K21.010297,T8898AK,PWK090,DCI,DRY,DOUBLE,MITSUBISHI,2017,AKTIF,SUDAH SO,ADA,ADA,ADA,ADA,ADA,ADA,ADA
PWK1,SGT,HRL,K21.000028,T8909AO,PWK092,DCI,DRY,DOUBLE,HINO,2014,AKTIF,SUDAH SO,ADA,ADA,ADA,ADA,ADA,ADA,ADA
PWK1,SGT,HRL,K21.000029,T8908AO,PWK093,DCI,DRY,DOUBLE,HINO,2013,AKTIF,SUDAH SO,ADA,ADA,ADA,ADA,ADA,ADA,ADA
PWK1,SGT,HRL,K21.000031,T8907AO,PWK095,DCI,DRY,DOUBLE,HINO,2013,AKTIF,SUDAH SO,ADA,ADA,ADA,ADA,ADA,ADA,ADA
PWK1,SGT,HRL,K21.000077,T8224AJ,PWK096,DCI,DRY,DOUBLE,MITSUBISHI,2015,AKTIF,SUDAH SO,ADA,ADA,ADA,ADA,ADA,ADA,ADA
PWK1,SGT,HRL,K21.000078,T8229AJ,PWK099,DCI,DRY,DOUBLE,MITSUBISHI,2015,AKTIF,SUDAH SO,ADA,ADA,ADA,ADA,ADA,ADA,ADA
PWK1,SGT,HRL,K21.000015,B9712FCC,PWK101,DCI,DRY,ENGKEL,HINO,2014,AKTIF,SUDAH SO,ADA,ADA,ADA,ADA,ADA,ADA,ADA
PWK1,SGT,HRL,K21.000016,B9714FCC,PWK102,DCI,DRY,ENGKEL,HINO,2014,AKTIF,BELUM SO,BELUM SO,BELUM SO,BELUM SO,BELUM SO,BELUM SO,BELUM SO,BELUM SO
PWK1,SGT,HRL,K21.000026,B9738FCC,PWK103,DCI,DRY,ENGKEL,HINO,2014,AKTIF,BELUM SO,BELUM SO,BELUM SO,BELUM SO,BELUM SO,BELUM SO,BELUM SO,BELUM SO
PWK1,SGT,HRL,K21.000023,B9739FCC,PWK104,DCI,DRY,ENGKEL,HINO,2014,AKTIF,BELUM SO,BELUM SO,BELUM SO,BELUM SO,BELUM SO,BELUM SO,BELUM SO,BELUM SO
PWK1,SGT,HRL,K21.000017,B9740FCC,PWK105,DCI,DRY,ENGKEL,HINO,2014,AKTIF,BELUM SO,BELUM SO,BELUM SO,BELUM SO,BELUM SO,BELUM SO,BELUM SO,BELUM SO
PWK1,SGT,HRL,K21.035990,T8043AN,PWK106,DCI,DRY,ENGKEL,HINO,2018,AKTIF,BELUM SO,BELUM SO,BELUM SO,BELUM SO,BELUM SO,BELUM SO,BELUM SO,BELUM SO
PWK1,SGT,HRL,K21.000018,B9742FCC,PWK107,DCI,DRY,ENGKEL,HINO,2014,AKTIF,BELUM SO,BELUM SO,BELUM SO,BELUM SO,BELUM SO,BELUM SO,BELUM SO,BELUM SO
PWK1,SGT,HRL,K21.000025,B9743FCC,PWK108,DCI,DRY,ENGKEL,HINO,2014,AKTIF,SUDAH SO,ADA,ADA,ADA,ADA,ADA,ADA,ADA
PWK1,SGT,HRL,K21.035991,T8045AN,PWK109,DCI,DRY,ENGKEL,HINO,2018,AKTIF,BELUM SO,BELUM SO,BELUM SO,BELUM SO,BELUM SO,BELUM SO,BELUM SO,BELUM SO
PWK1,SGT,HRL,K21.006481,T8365AK,PWK110,DCI,DRY,ENGKEL,ISUZU,2016,AKTIF,BELUM SO,BELUM SO,BELUM SO,BELUM SO,BELUM SO,BELUM SO,BELUM SO,BELUM SO
PWK1,SGT,HRL,K21.006477,T8366AK,PWK111,DCI,DRY,ENGKEL,ISUZU,2016,AKTIF,BELUM SO,BELUM SO,BELUM SO,BELUM SO,BELUM SO,BELUM SO,BELUM SO,BELUM SO
PWK1,SGT,HRL,K21.006482,T8367AK,PWK112,P3AT,DRY,ENGKEL,ISUZU,2016,ACC P3AT LOG HO,BELUM SO,BELUM SO,BELUM SO,BELUM SO,BELUM SO,BELUM SO,BELUM SO,BELUM SO
PWK1,SGT,HRL,K21.006478,T8368AK,PWK113,DCI,DRY,ENGKEL,ISUZU,2016,AKTIF,BELUM SO,BELUM SO,BELUM SO,BELUM SO,BELUM SO,BELUM SO,BELUM SO,BELUM SO
PWK1,SGT,HRL,K21.006474,T8369AK,PWK114,DCI,DRY,ENGKEL,ISUZU,2016,AKTIF,BELUM SO,BELUM SO,BELUM SO,BELUM SO,BELUM SO,BELUM SO,BELUM SO,BELUM SO
PWK1,SGT,HRL,K21.006476,T8371AK,PWK115,DCI,DRY,ENGKEL,ISUZU,2016,AKTIF,BELUM SO,BELUM SO,BELUM SO,BELUM SO,BELUM SO,BELUM SO,BELUM SO,BELUM SO
PWK1,SGT,HRL,K21.006479,T8372AK,PWK116,DCI,DRY,ENGKEL,ISUZU,2016,AKTIF,BELUM SO,BELUM SO,BELUM SO,BELUM SO,BELUM SO,BELUM SO,BELUM SO,BELUM SO
PWK1,SGT,HRL,K21.006480,T8373AK,PWK117,DCI,DRY,ENGKEL,ISUZU,2016,AKTIF,BELUM SO,BELUM SO,BELUM SO,BELUM SO,BELUM SO,BELUM SO,BELUM SO,BELUM SO
PWK1,SGT,HRL,K21.010074,T8846AK,PWK118,DCI,DRY,ENGKEL,MITSUBISHI,2016,AKTIF,BELUM SO,BELUM SO,BELUM SO,BELUM SO,BELUM SO,BELUM SO,BELUM SO,BELUM SO
PWK1,SGT,HRL,K21.010075,T8848AK,PWK119,DCI,DRY,ENGKEL,MITSUBISHI,2016,AKTIF,BELUM SO,BELUM SO,BELUM SO,BELUM SO,BELUM SO,BELUM SO,BELUM SO,BELUM SO
PWK1,SGT,HRL,K21.010077,T8842AK,PWK120,DCI,DRY,L300,MITSUBISHI,2017,AKTIF,BELUM SO,BELUM SO,BELUM SO,BELUM SO,BELUM SO,BELUM SO,BELUM SO,BELUM SO
PWK1,SGT,HRL,K21.043140,T8911AP,PWK121,DCI,DRY,L300,MITSUBISHI,2022,AKTIF,BELUM SO,BELUM SO,BELUM SO,BELUM SO,BELUM SO,BELUM SO,BELUM SO,BELUM SO
PWK1,SGT,HRL,K07.000727,B9358FCD,PWK122,DCI,DRY,L300,MITSUBISHI,2014,AKTIF,SUDAH SO,ADA,ADA,BELUM SO,ADA,BELUM SO,BELUM SO,BELUM SO
PWK1,SGT,HRL,K21.036109,T8876AP,PWK123,DCI,DRY,ENGKEL,HINO,2023,AKTIF,SUDAH SO,ADA,ADA,ADA,ADA,ADA,ADA,ADA
PWK1,SGT,HRL,K21.036107,T8878AP,PWK124,DCI,DRY,ENGKEL,HINO,2023,AKTIF,SUDAH SO,ADA,ADA,ADA,ADA,ADA,ADA,ADA
PWK1,SGT,HRL,K21.036108,T8879AP,PWK125,DCI,DRY,ENGKEL,HINO,2023,AKTIF,SUDAH SO,ADA,ADA,ADA,ADA,ADA,ADA,ADA
PWK1,SGT,HRL,K28.002511,F8440GZ,PWK131,DCI,DRY,ENGKEL,MITSUBISHI,2016,AKTIF,SUDAH SO,ADA,ADA,ADA,ADA,ADA,ADA,ADA
PWK1,SGT,HRL,K28.000011,F8561GW,PWK132,DCI,DRY,ENGKEL,HINO,2016,AKTIF,SUDAH SO,ADA,ADA,ADA,ADA,ADA,ADA,ADA
PWK1,SGT,HRL,K08.019954,F8534GW,PWK133,DCI,DRY,ENGKEL,HINO,2016,AKTIF,SUDAH SO,ADA,ADA,ADA,ADA,ADA,ADA,ADA
PWK1,SGT,HRL,K21.006461,T8349AK,PWK165,DCI,DRY,DOUBLE,MITSUBISHI,2016,AKTIF,SUDAH SO,ADA,ADA,ADA,ADA,ADA,ADA,ADA
PWK1,SGT,HRL,K21.006462,T8350AK,PWK166,DCI,DRY,DOUBLE,MITSUBISHI,2016,AKTIF,SUDAH SO,ADA,ADA,ADA,ADA,ADA,ADA,ADA
PWK1,SGT,HRL,K21.006463,T8351AK,PWK167,DCI,DRY,DOUBLE,MITSUBISHI,2016,AKTIF,SUDAH SO,ADA,ADA,ADA,ADA,ADA,ADA,ADA
PWK1,SGT,HRL,K21.044913,T8550AQ,PWK168,DCI,DRY,ENGKEL,HINO,2025,AKTIF,SUDAH SO,ADA,ADA,ADA,ADA,ADA,ADA,ADA
PWK1,SGT,HRL,K21.044912,T8551AQ,PWK169,DCI,DRY,ENGKEL,HINO,2025,AKTIF,SUDAH SO,ADA,ADA,ADA,ADA,ADA,ADA,ADA
PWK1,SGT,HRL,K21.044911,T8552AQ,PWK170,DCI,DRY,ENGKEL,HINO,2025,AKTIF,SUDAH SO,ADA,ADA,ADA,ADA,ADA,ADA,ADA
PWK1,SGT,HRL,K21.046083,T8597AQ,PWK171,DCI,DRY,DOUBLE,MITSUBISHI,2025,AKTIF,SUDAH SO,ADA,ADA,ADA,ADA,ADA,ADA,ADA
PWK1,SGT,HRL,K21.046085,T8610AQ,PWK172,DCI,DRY,ENGKEL,HINO,2025,AKTIF,SUDAH SO,ADA,ADA,ADA,ADA,ADA,ADA,ADA
PWK1,SGT,HRL,K21.046087,T8611AQ,PWK173,DCI,DRY,ENGKEL,HINO,2025,AKTIF,SUDAH SO,ADA,ADA,ADA,ADA,ADA,ADA,ADA
PWK1,SGT,HRL,K21.046099,T8707AQ,PWK174,DCI,DRY,DOUBLE,HINO,2025,AKTIF,SUDAH SO,ADA,ADA,ADA,ADA,ADA,ADA,ADA
PWK1,SGT,HRL,K01.032243,B9203UCP,PWK401,DEPO,YUMMY,L300,MITSUBISHI,2017,AKTIF,SUDAH SO,ADA,ADA,BELUM SO,ADA,BELUM SO,BELUM SO,BELUM SO
PWK1,SGT,HRL,K08.019950,F8570GW,PWK402,DEPO,YUMMY,L300,MITSUBISHI,2017,AKTIF,SUDAH SO,ADA,ADA,BELUM SO,ADA,BELUM SO,BELUM SO,BELUM SO
PWK1,SGT,HRL,K01.033420,B9865UCP,PWK404,DEPO,YUMMY,L300,MITSUBISHI,2017,AKTIF,SUDAH SO,ADA,ADA,BELUM SO,ADA,BELUM SO,BELUM SO,BELUM SO
PWK1,SGT,HRL,K21.035980,T8680AM,PWK405,DEPO,YUMMY,L300,MITSUBISHI,2019,AKTIF,SUDAH SO,ADA,ADA,BELUM SO,ADA,BELUM SO,BELUM SO,BELUM SO
PWK1,SGT,HRL,K21.035979,T8678AM,PWK406,DEPO,YUMMY,L300,MITSUBISHI,2019,AKTIF,SUDAH SO,ADA,ADA,BELUM SO,ADA,BELUM SO,BELUM SO,BELUM SO
PWK1,SGT,HRL,K21.035981,T8679AM,PWK407,DEPO,YUMMY,L300,MITSUBISHI,2019,AKTIF,SUDAH SO,ADA,ADA,BELUM SO,ADA,BELUM SO,BELUM SO,BELUM SO
PWK1,SGT,HRL,K28.002540,F8344GZ,PWK408,DEPO,YUMMY,L300,MITSUBISHI,2017,AKTIF,SUDAH SO,ADA,ADA,BELUM SO,ADA,BELUM SO,BELUM SO,BELUM SO
PWK1,SGT,HRL,K28.002512,F8358GZ,PWK409,DEPO,YUMMY,L300,MITSUBISHI,2017,AKTIF,BELUM SO,BELUM SO,BELUM SO,BELUM SO,BELUM SO,BELUM SO,BELUM SO,BELUM SO
PWK1,SGT,HRL,K28.002546,F8346GZ,PWK410,DEPO,YUMMY,L300,MITSUBISHI,2017,AKTIF,BELUM SO,BELUM SO,BELUM SO,BELUM SO,BELUM SO,BELUM SO,BELUM SO,BELUM SO
PWK1,SGT,HRL,K28.002538,F8347GZ,PWK411,DEPO,YUMMY,L300,MITSUBISHI,2017,AKTIF,SUDAH SO,ADA,ADA,BELUM SO,ADA,BELUM SO,BELUM SO,BELUM SO
PWK1,SGT,HRL,K21.035986,T8059AN,PWK412,DEPO,YUMMY,L300,MITSUBISHI,2019,AKTIF,SUDAH SO,ADA,ADA,BELUM SO,ADA,BELUM SO,BELUM SO,BELUM SO
PWK1,SGT,HRL,K21.035987,T8060AN,PWK413,DEPO,YUMMY,L300,MITSUBISHI,2019,AKTIF,SUDAH SO,ADA,ADA,BELUM SO,ADA,BELUM SO,BELUM SO,BELUM SO
PWK1,SGT,HRL,K21.035988,T8061AN,PWK414,DEPO,YUMMY,L300,MITSUBISHI,2019,AKTIF,SUDAH SO,ADA,ADA,BELUM SO,ADA,BELUM SO,BELUM SO,BELUM SO
PWK1,SGT,HRL,K21.036054,T8149AP,PWK415,DEPO,YUMMY,ENGKEL,HINO,2022,AKTIF,SUDAH SO,ADA,ADA,BELUM SO,ADA,BELUM SO,BELUM SO,BELUM SO
PWK1,SGT,HRL,K21.035997,T8160AN,PWK416,DEPO,YUMMY,L300,MITSUBISHI,2019,AKTIF,SUDAH SO,ADA,ADA,BELUM SO,ADA,BELUM SO,BELUM SO,BELUM SO
PWK1,SGT,HRL,K21.035998,T8161AN,PWK417,DEPO,YUMMY,L300,MITSUBISHI,2019,AKTIF,SUDAH SO,ADA,ADA,BELUM SO,ADA,BELUM SO,BELUM SO,BELUM SO
PWK1,SGT,HRL,K21.035999,T8168AN,PWK418,DEPO,YUMMY,L300,MITSUBISHI,2019,AKTIF,SUDAH SO,ADA,ADA,BELUM SO,ADA,BELUM SO,BELUM SO,BELUM SO
PWK1,SGT,HRL,K28.012462,F8309HJ,PWK419,DEPO,YUMMY,L300,MITSUBISHI,2019,AKTIF,BELUM SO,BELUM SO,BELUM SO,BELUM SO,BELUM SO,BELUM SO,BELUM SO,BELUM SO
PWK1,SGT,HRL,K11.066281,BK8275MR,PWK420,DEPO,YUMMY,ENGKEL,HINO,2022,AKTIF,BELUM SO,BELUM SO,BELUM SO,BELUM SO,BELUM SO,BELUM SO,BELUM SO,BELUM SO
PWK1,SGT,HRL,K16.028518,DD8629RZ,PWK421,DEPO,YUMMY,ENGKEL,HINO,2022,AKTIF,BELUM SO,BELUM SO,BELUM SO,BELUM SO,BELUM SO,BELUM SO,BELUM SO,BELUM SO
PWK1,SGT,HRL,K16.028519,DD8630RZ,PWK422,DEPO,YUMMY,ENGKEL,HINO,2022,AKTIF,SUDAH SO,ADA,ADA,BELUM SO,ADA,BELUM SO,BELUM SO,BELUM SO
PWK1,SGT,HRL,K14.017448,E8105KX,PWK424,DEPO,YUMMY,L300,MITSUBISHI,2023,AKTIF,SUDAH SO,ADA,ADA,BELUM SO,ADA,BELUM SO,BELUM SO,BELUM SO
PWK1,SGT,HRL,K14.017447,E8104KX,PWK425,DEPO,YUMMY,L300,MITSUBISHI,2013,AKTIF,SUDAH SO,ADA,ADA,BELUM SO,ADA,BELUM SO,BELUM SO,BELUM SO
PWK1,SGT,HRL,K14.017451,E8110KX,PWK426,DEPO,YUMMY,L300,MITSUBISHI,2023,AKTIF,SUDAH SO,ADA,ADA,BELUM SO,ADA,BELUM SO,BELUM SO,BELUM SO
PWK1,SGT,HRL,K04.049846,D8044FU,PWK427,DEPO,YUMMY,L300,MITSUBISHI,2022,AKTIF,SUDAH SO,ADA,ADA,BELUM SO,ADA,BELUM SO,BELUM SO,BELUM SO
PWK1,SGT,HRL,K28.012457,F8355HJ,PWK428,DEPO,YUMMY,L300,MITSUBISHI,2019,AKTIF,SUDAH SO,ADA,ADA,BELUM SO,ADA,BELUM SO,BELUM SO,BELUM SO
PWK1,SGT,HRL,K21.035989,T8062AN,PWK430,DEPO,YUMMY,L300,MITSUBISHI,2019,AKTIF,SUDAH SO,ADA,ADA,BELUM SO,ADA,BELUM SO,BELUM SO,BELUM SO
PWK1,SGT,HRL,K28.010814,F8317HI,PWK433,DEPO,YUMMY,L300,MITSUBISHI,2019,AKTIF,SUDAH SO,ADA,ADA,BELUM SO,ADA,BELUM SO,BELUM SO,BELUM SO
PWK1,SGT,HRL,K28.010828,F8323HI,PWK435,DEPO,YUMMY,L300,MITSUBISHI,2019,AKTIF,BELUM SO,BELUM SO,BELUM SO,BELUM SO,BELUM SO,BELUM SO,BELUM SO,BELUM SO
PWK1,SGT,HRL,K03.042098,B9659JZO,PWK436,DCI,YUMMY,ENGKEL,HINO,2019,AKTIF,SUDAH SO,ADA,ADA,BELUM SO,ADA,BELUM SO,BELUM SO,BELUM SO
PWK1,SGT,HRL,K21.044898,T8519AQ,PWK437,DEPO,YUMMY,L300,MITSUBISHI,2024,AKTIF,SUDAH SO,ADA,ADA,BELUM SO,ADA,BELUM SO,BELUM SO,BELUM SO
PWK1,SGT,HRL,K21.044897,T8520AQ,PWK438,DEPO,YUMMY,L300,MITSUBISHI,2024,AKTIF,SUDAH SO,ADA,ADA,BELUM SO,ADA,BELUM SO,BELUM SO,BELUM SO
PWK1,SGT,HRL,K21.043152,T8136AQ,PWK439,DEPO,YUMMY,ENGKEL,HINO,2024,AKTIF,BELUM SO,BELUM SO,BELUM SO,BELUM SO,BELUM SO,BELUM SO,BELUM SO,BELUM SO
PWK1,SGT,HRL,K21.044844,T8360AQ,PWK440,DEPO,YUMMY,DOUBLE,HINO,2024,AKTIF,SUDAH SO,ADA,ADA,BELUM SO,ADA,BELUM SO,BELUM SO,BELUM SO
PWK1,SGT,HRL,K21.000074,B9544FCC,PWK501,DCI,BUAH,ENGKEL,HINO,2013,AKTIF,SUDAH SO,ADA,ADA,BELUM SO,ADA,BELUM SO,BELUM SO,BELUM SO
PWK1,SGT,HRL,K21.000073,B9543FCC,PWK502,DCI,BUAH,ENGKEL,HINO,2013,AKTIF,SUDAH SO,ADA,TIDAK ADA,BELUM SO,ADA,BELUM SO,BELUM SO,BELUM SO
PWK1,SGT,HRL,K21.010305,T8598AL,PWK504,DCI,BUAH,ENGKEL,HINO,2017,AKTIF,SUDAH SO,ADA,ADA,BELUM SO,ADA,BELUM SO,BELUM SO,BELUM SO
PWK1,SGT,HRL,K21.010306,T8599AL,PWK505,DCI,BUAH,ENGKEL,HINO,2017,AKTIF,SUDAH SO,ADA,ADA,BELUM SO,ADA,BELUM SO,BELUM SO,BELUM SO
PWK1,SGT,HRL,K08.000166,F8117MB,PWK506,DCI,BUAH,ENGKEL,HINO,2015,AKTIF,SUDAH SO,ADA,ADA,BELUM SO,ADA,BELUM SO,BELUM SO,BELUM SO
PWK1,SGT,HRL,K21.035975,T8656AM,PWK507,DCI,BUAH,ENGKEL,HINO,2018,AKTIF,SUDAH SO,ADA,ADA,BELUM SO,ADA,BELUM SO,BELUM SO,BELUM SO
PWK1,SGT,HRL,K21.036020,T8653AN,PWK508,DCI,BUAH,ENGKEL,HINO,2021,AKTIF,SUDAH SO,ADA,ADA,BELUM SO,ADA,BELUM SO,BELUM SO,BELUM SO
PWK1,SGT,HRL,K04.000496,D8858EE,PWK509,DCI,BUAH,DOUBLE,MITSUBISHI,2013,AKTIF,SUDAH SO,ADA,ADA,BELUM SO,ADA,BELUM SO,BELUM SO,BELUM SO
PWK1,SGT,HRL,K21.000045,B9713FCC,PWK510,DCI,BUAH,ENGKEL,HINO,2014,AKTIF,SUDAH SO,ADA,ADA,BELUM SO,ADA,BELUM SO,BELUM SO,BELUM SO
PWK1,SGT,HRL,K21.000044,B9706FCC,PWK511,DCI,BUAH,ENGKEL,HINO,2014,AKTIF,SUDAH SO,ADA,ADA,BELUM SO,ADA,BELUM SO,BELUM SO,BELUM SO
PWK1,SGT,HRL,K21.036053,T8150AP,PWK512,DCI,BUAH,ENGKEL,HINO,2022,AKTIF,SUDAH SO,ADA,ADA,BELUM SO,ADA,BELUM SO,BELUM SO,BELUM SO
PWK1,SGT,HRL,K21.043147,T8069AQ,PWK513,DCI,BUAH,ENGKEL,HINO,2023,AKTIF,SUDAH SO,ADA,ADA,BELUM SO,ADA,BELUM SO,BELUM SO,BELUM SO
PWK1,SGT,HRL,K21.043148,T8070AQ,PWK514,DCI,BUAH,ENGKEL,HINO,2023,AKTIF,SUDAH SO,ADA,ADA,BELUM SO,ADA,BELUM SO,BELUM SO,BELUM SO
PWK1,SGT,HRL,K21.044845,T8361AQ,PWK517,DCI,BUAH,DOUBLE,HINO,2024,AKTIF,SUDAH SO,ADA,ADA,BELUM SO,ADA,BELUM SO,BELUM SO,BELUM SO
PWK1,SGT,HRL,K21.036057,T8251AP,PWK601,DCI,ROTI,ENGKEL,HINO,2022,AKTIF,SUDAH SO,ADA,ADA,BELUM SO,ADA,BELUM SO,BELUM SO,BELUM SO
PWK1,SGT,HRL,K07.000469,B9986FY,PWK602,DCI,ROTI,ENGKEL,HINO,2009,AKTIF,BELUM SO,BELUM SO,BELUM SO,BELUM SO,BELUM SO,BELUM SO,BELUM SO,BELUM SO
PWK1,SGT,HRL,K07.000463,B9693FY,PWK603,DCI,ROTI,ENGKEL,HINO,2009,AKTIF,BELUM SO,BELUM SO,BELUM SO,BELUM SO,BELUM SO,BELUM SO,BELUM SO,BELUM SO
PWK1,SGT,HRL,K07.000525,B9518FCA,PWK604,P3AT,ROTI,ENGKEL,HINO,2010,ACC P3AT LOG HO,BELUM SO,BELUM SO,BELUM SO,BELUM SO,BELUM SO,BELUM SO,BELUM SO,BELUM SO
PWK1,SGT,HRL,K07.000526,B9519FCA,PWK605,P3AT,ROTI,ENGKEL,HINO,2010,ACC P3AT LOG HO,BELUM SO,BELUM SO,BELUM SO,BELUM SO,BELUM SO,BELUM SO,BELUM SO,BELUM SO
PWK1,SGT,HRL,K14.000153,E8045KN,PWK606,DCI,ROTI,DOUBLE,HINO,2013,AKTIF,SUDAH SO,ADA,ADA,BELUM SO,ADA,BELUM SO,BELUM SO,BELUM SO
PWK1,SGT,HRL,K07.000527,B9520FCA,PWK607,P3AT,ROTI,ENGKEL,HINO,2010,ACC P3AT LOG HO,BELUM SO,BELUM SO,BELUM SO,BELUM SO,BELUM SO,BELUM SO,BELUM SO,BELUM SO
PWK1,SGT,HRL,K21.000071,B9672FCC,PWK608,P3AT,ROTI,ENGKEL,HINO,2014,ACC P3AT LOG HO,SUDAH SO,ADA,ADA,BELUM SO,ADA,BELUM SO,BELUM SO,BELUM SO
PWK1,SGT,HRL,K21.000072,B9674FCC,PWK609,P3AT,ROTI,ENGKEL,HINO,2014,ACC P3AT LOG HO,BELUM SO,BELUM SO,BELUM SO,BELUM SO,BELUM SO,BELUM SO,BELUM SO,BELUM SO
PWK1,SGT,HRL,K21.000013,B9673FCC,PWK610,DCI,ROTI,ENGKEL,HINO,2014,AKTIF,BELUM SO,BELUM SO,BELUM SO,BELUM SO,BELUM SO,BELUM SO,BELUM SO,BELUM SO
PWK1,SGT,HRL,K07.000488,B9082FCA,PWK611,DCI,ROTI,ENGKEL,HINO,2009,AKTIF,BELUM SO,BELUM SO,BELUM SO,BELUM SO,BELUM SO,BELUM SO,BELUM SO,BELUM SO
PWK1,SGT,HRL,K02.000607,F8403GM,PWK612,DCI,ROTI,ENGKEL,HINO,2014,AKTIF,SUDAH SO,ADA,ADA,BELUM SO,ADA,BELUM SO,BELUM SO,BELUM SO
PWK1,SGT,HRL,K04.000489,D8122EE,PWK613,DCI,ROTI,ENGKEL,HINO,2012,AKTIF,SUDAH SO,ADA,ADA,BELUM SO,ADA,BELUM SO,BELUM SO,BELUM SO
PWK1,SGT,HRL,K02.000609,F8401GM,PWK614,DCI,ROTI,ENGKEL,HINO,2014,AKTIF,SUDAH SO,ADA,ADA,BELUM SO,ADA,BELUM SO,BELUM SO,BELUM SO
PWK1,SGT,HRL,K21.036058,T8252AP,PWK616,DCI,ROTI,ENGKEL,HINO,2022,AKTIF,SUDAH SO,ADA,ADA,BELUM SO,ADA,BELUM SO,BELUM SO,BELUM SO
PWK1,SGT,HRL,K04.000476,D8840EE,PWK617,DCI,ROTI,DOUBLE,MITSUBISHI,2013,AKTIF,BELUM SO,BELUM SO,BELUM SO,BELUM SO,BELUM SO,BELUM SO,BELUM SO,BELUM SO
PWK1,SGT,HRL,K21.006464,T8394AK,PWK618,DCI,ROTI,ENGKEL,ISUZU,2016,AKTIF,BELUM SO,BELUM SO,BELUM SO,BELUM SO,BELUM SO,BELUM SO,BELUM SO,BELUM SO
PWK1,SGT,HRL,K02.000393,B9919UF,PWK619,DCI,ROTI,ENGKEL,HINO,2009,AKTIF,BELUM SO,BELUM SO,BELUM SO,BELUM SO,BELUM SO,BELUM SO,BELUM SO,BELUM SO
PWK1,SGT,HRL,K21.006465,T8395AK,PWK620,DCI,ROTI,ENGKEL,ISUZU,2016,AKTIF,BELUM SO,BELUM SO,BELUM SO,BELUM SO,BELUM SO,BELUM SO,BELUM SO,BELUM SO
PWK1,SGT,HRL,K21.010301,T8601AL,PWK621,DCI,ROTI,ENGKEL,HINO,2017,AKTIF,SUDAH SO,ADA,ADA,BELUM SO,ADA,BELUM SO,BELUM SO,BELUM SO
PWK1,SGT,HRL,K21.010299,T8614AL,PWK622,DCI,ROTI,ENGKEL,HINO,2017,AKTIF,SUDAH SO,ADA,ADA,BELUM SO,ADA,BELUM SO,BELUM SO,BELUM SO
PWK1,SGT,HRL,K08.000263,F8219GD,PWK623,DCI,ROTI,ENGKEL,HINO,2012,AKTIF,SUDAH SO,ADA,ADA,BELUM SO,ADA,BELUM SO,BELUM SO,BELUM SO
PWK1,SGT,HRL,K08.000373,F8655GK,PWK624,DCI,ROTI,ENGKEL,HINO,2013,AKTIF,SUDAH SO,ADA,ADA,BELUM SO,ADA,BELUM SO,BELUM SO,BELUM SO
PWK1,SGT,HRL,K08.000372,F8654GK,PWK625,P3AT,ROTI,ENGKEL,HINO,2013,ACC P3AT LOG HO,SUDAH SO,ADA,ADA,BELUM SO,ADA,BELUM SO,BELUM SO,BELUM SO
PWK1,SGT,HRL,K21.010300,T8615AL,PWK626,DCI,ROTI,ENGKEL,HINO,2017,AKTIF,SUDAH SO,ADA,ADA,BELUM SO,ADA,BELUM SO,BELUM SO,BELUM SO
PWK1,SGT,HRL,K21.010313,T8792AL,PWK627,DCI,ROTI,ENGKEL,HINO,2018,AKTIF,SUDAH SO,ADA,ADA,BELUM SO,ADA,BELUM SO,BELUM SO,BELUM SO
PWK1,SGT,HRL,K21.010314,T8794AL,PWK628,DCI,ROTI,ENGKEL,HINO,2018,AKTIF,SUDAH SO,ADA,ADA,BELUM SO,ADA,BELUM SO,BELUM SO,BELUM SO
PWK1,SGT,HRL,K21.010315,T8795AL,PWK629,DCI,ROTI,ENGKEL,HINO,2018,AKTIF,SUDAH SO,ADA,ADA,BELUM SO,ADA,BELUM SO,BELUM SO,BELUM SO
PWK1,SGT,HRL,K21.010316,T8796AL,PWK630,DCI,ROTI,ENGKEL,HINO,2018,AKTIF,SUDAH SO,ADA,ADA,BELUM SO,ADA,BELUM SO,BELUM SO,BELUM SO
PWK1,SGT,HRL,K21.010317,T8797AL,PWK631,DCI,ROTI,ENGKEL,HINO,2018,AKTIF,SUDAH SO,ADA,ADA,BELUM SO,ADA,BELUM SO,BELUM SO,BELUM SO
PWK1,SGT,HRL,K21.043142,T8058AQ,PWK632,DCI,ROTI,ENGKEL,HINO,2023,AKTIF,SUDAH SO,ADA,ADA,BELUM SO,ADA,BELUM SO,BELUM SO,BELUM SO
PWK1,SGT,HRL,K21.046096,T8696AQ,PWK633,DCI,ROTI,ENGKEL,HINO,2025,AKTIF,SUDAH SO,ADA,ADA,BELUM SO,ADA,BELUM SO,BELUM SO,BELUM SO
PWK1,SGT,HRL,K21.046092,T8697AQ,PWK634,DCI,ROTI,ENGKEL,HINO,2025,AKTIF,SUDAH SO,ADA,ADA,BELUM SO,ADA,BELUM SO,BELUM SO,BELUM SO
PWK1,SGT,HRL,K21.046091,T8698AQ,PWK635,DCI,ROTI,ENGKEL,HINO,2025,AKTIF,SUDAH SO,ADA,ADA,BELUM SO,ADA,BELUM SO,BELUM SO,BELUM SO
PWK1,SGT,HRL,K21.006511,T8425AO,PWK650,DCI,ROTI,DOUBLE,HINO,2011,AKTIF,SUDAH SO,ADA,ADA,BELUM SO,ADA,BELUM SO,BELUM SO,BELUM SO
PWK1,SGT,HRL,K21.006512,T8426AO,PWK651,DCI,ROTI,DOUBLE,HINO,2011,AKTIF,SUDAH SO,ADA,ADA,BELUM SO,ADA,BELUM SO,BELUM SO,BELUM SO
PWK1,SGT,HRL,K21.006509,T8506AO,PWK652,DCI,ROTI,DOUBLE,HINO,2011,AKTIF,BELUM SO,BELUM SO,BELUM SO,BELUM SO,BELUM SO,BELUM SO,BELUM SO,BELUM SO
PWK1,SGT,HRL,K21.006510,T8582AJ,PWK653,DCI,ROTI,DOUBLE,HINO,2015,AKTIF,SUDAH SO,ADA,ADA,BELUM SO,ADA,BELUM SO,BELUM SO,BELUM SO
PWK1,SGT,HRL,K21.006513,T8771AJ,PWK654,DCI,ROTI,DOUBLE,HINO,2015,AKTIF,SUDAH SO,ADA,ADA,BELUM SO,ADA,BELUM SO,BELUM SO,BELUM SO
PWK1,SGT,HRL,K21.006514,T8773AJ,PWK655,DCI,ROTI,DOUBLE,HINO,2015,AKTIF,SUDAH SO,ADA,ADA,BELUM SO,ADA,BELUM SO,BELUM SO,BELUM SO
PWK1,SGT,HRL,K21.006516,T8203AK,PWK657,DCI,ROTI,DOUBLE,HINO,2015,AKTIF,SUDAH SO,ADA,ADA,BELUM SO,ADA,BELUM SO,BELUM SO,BELUM SO
PWK1,SGT,HRL,K21.006517,T8204AK,PWK658,DCI,ROTI,DOUBLE,HINO,2015,AKTIF,SUDAH SO,ADA,ADA,BELUM SO,ADA,BELUM SO,BELUM SO,BELUM SO
PWK1,SGT,HRL,K21.006518,T8205AK,PWK659,DCI,ROTI,DOUBLE,HINO,2015,AKTIF,SUDAH SO,ADA,ADA,BELUM SO,ADA,BELUM SO,BELUM SO,BELUM SO
PWK1,SGT,HRL,K21.006519,T8206AK,PWK660,DCI,ROTI,DOUBLE,HINO,2014,AKTIF,SUDAH SO,ADA,ADA,BELUM SO,ADA,BELUM SO,BELUM SO,BELUM SO
PWK1,SGT,HRL,K21.006520,T8207AK,PWK661,DCI,ROTI,DOUBLE,HINO,2015,AKTIF,SUDAH SO,ADA,ADA,BELUM SO,TIDAK ADA,BELUM SO,BELUM SO,BELUM SO
PWK1,SGT,HRL,K21.010293,T8933AK,PWK662,DCI,ROTI,DOUBLE,HINO,2017,AKTIF,SUDAH SO,ADA,ADA,BELUM SO,TIDAK ADA,BELUM SO,BELUM SO,BELUM SO
PWK1,SGT,HRL,K21.010294,T8934AK,PWK663,DCI,ROTI,DOUBLE,HINO,2017,AKTIF,SUDAH SO,ADA,ADA,BELUM SO,ADA,BELUM SO,BELUM SO,BELUM SO
PWK1,SGT,HRL,K21.046082,T8578AQ,PWK664,DCI,ROTI,DOUBLE,MITSUBISHI,2025,AKTIF,SUDAH SO,ADA,ADA,BELUM SO,ADA,BELUM SO,BELUM SO,BELUM SO
