NO,CAB,NOPOL,KD LAMBUNG,JENIS MOBIL,UPDATE TGL KIR,JATUH TEMPO KIR (in hari),CEK KIR,UPDATE TGL STNK,JATUH TEMPO STNK(in hari),CEK STNK,WEBSITE (PENGECEKAN KIR ONLINE),WEBSITE (PENGECEKAN STNK ONLINE),KIR MAS DELIVAN,STNK MAS DELIVAN,CEK KIR VS SS,CEK STNK VS SS,CATATAN
1,DC PWK,T8678AM,PWK406,L300,3 Agu 2026,68,OK,22-Apr-27,330,OK,ujiberkala-dstj.kemenhub.go.id / APLIKASI MITRA DARAT,APLIKASI SAPAWARGA (SAMBARA),3 Agu 2026,22-Apr-27,TRUE,TRUE,
2,DC PWK,T8136AQ,PWK439,ENGKEL,20 Okt 2026,146,OK,7 Des 2026,194,OK,ujiberkala-dstj.kemenhub.go.id / APLIKASI MITRA DARAT,APLIKASI SAPAWARGA (SAMBARA),20 Okt 2026,7 Des 2026,TRUE,TRUE,
3,DC PWK,T8204AK,PWK658,DOUBLE,3-Sep-26,99,OK,11-Jan-27,229,OK,ujiberkala-dstj.kemenhub.go.id / APLIKASI MITRA DARAT,APLIKASI SAPAWARGA (SAMBARA),3-Sep-26,11-Jan-27,TRUE,TRUE,
4,DC PWK,F8323HI,PWK435,L300,11-Sep-26,107,OK,2 Okt 2026,128,OK,ujiberkala-dstj.kemenhub.go.id / APLIKASI MITRA DARAT,APLIKASI SAPAWARGA (SAMBARA),11-Sep-26,2 Okt 2026,TRUE,TRUE,
5,DC PWK,F8358GZ,PWK409,L300,1-Sep-26,97,OK,22-Feb-27,271,OK,ujiberkala-dstj.kemenhub.go.id / APLIKASI MITRA DARAT,APLIKASI SAPAWARGA (SAMBARA),1-Sep-26,22-Feb-27,TRUE,TRUE,
6,DC PWK,F8309HJ,PWK419,L300,16-Sep-26,112,OK,27 Des 2026,214,OK,ujiberkala-dstj.kemenhub.go.id / APLIKASI MITRA DARAT,APLIKASI SAPAWARGA (SAMBARA),16-Sep-26,27 Des 2026,TRUE,TRUE,
7,DC PWK,F8317HI,PWK433,L300,12-Sep-26,108,OK,2 Okt 2026,128,OK,ujiberkala-dstj.kemenhub.go.id / APLIKASI MITRA DARAT,APLIKASI SAPAWARGA (SAMBARA),12-Sep-26,2 Okt 2026,TRUE,TRUE,
8,DC PWK,F8355HJ,PWK428,L300,13-Sep-26,109,OK,30 Des 2026,217,OK,ujiberkala-dstj.kemenhub.go.id / APLIKASI MITRA DARAT,APLIKASI SAPAWARGA (SAMBARA),13-Sep-26,30 Des 2026,TRUE,TRUE,
9,DC PWK,B9713FCC,PWK510,ENGKEL,10-Sep-26,106,OK,14-Mar-27,291,OK,ujiberkala-dstj.kemenhub.go.id / APLIKASI MITRA DARAT,APLIKASI SAPAWARGA (SAMBARA),10-Sep-26,14-Mar-27,TRUE,TRUE,
10,DC PWK,B9487FCC,PWK007,ENGKEL,10-Sep-26,106,OK,5 Des 2026,192,OK,ujiberkala-dstj.kemenhub.go.id / APLIKASI MITRA DARAT,APLIKASI SAPAWARGA (SAMBARA),10-Sep-26,5 Des 2026,TRUE,TRUE,
11,DC PWK,D8773DM,PWK085,DOUBLE,13-Sep-26,109,OK,18 Agu 2026,83,OK,ujiberkala-dstj.kemenhub.go.id / APLIKASI MITRA DARAT,APLIKASI SAPAWARGA (SAMBARA),13-Sep-26,18 Agu 2026,TRUE,TRUE,
12,DC PWK,D8858EE,PWK509,DOUBLE,13-Sep-26,109,OK,8-Mar-27,285,OK,ujiberkala-dstj.kemenhub.go.id / APLIKASI MITRA DARAT,APLIKASI SAPAWARGA (SAMBARA),13-Sep-26,8-Mar-27,TRUE,TRUE,
13,DC PWK,D8853EE,PWK045,ENGKEL,14 Des 2026,201,OK,8-Mar-27,285,OK,ujiberkala-dstj.kemenhub.go.id / APLIKASI MITRA DARAT,APLIKASI SAPAWARGA (SAMBARA),14 Des 2026,8-Mar-27,TRUE,TRUE,
14,DC PWK,B9739FCC,PWK104,ENGKEL,9-Sep-26,105,OK,25-Mar-27,302,OK,ujiberkala-dstj.kemenhub.go.id / APLIKASI MITRA DARAT,APLIKASI SAPAWARGA (SAMBARA),9-Sep-26,25-Mar-27,TRUE,TRUE,
15,DC PWK,B9740FCC,PWK105,ENGKEL,9-Sep-26,105,OK,25-Mar-27,302,OK,ujiberkala-dstj.kemenhub.go.id / APLIKASI MITRA DARAT,APLIKASI SAPAWARGA (SAMBARA),9-Sep-26,25-Mar-27,TRUE,TRUE,
16,DC PWK,B9743FCC,PWK108,ENGKEL,9-Sep-26,105,OK,25-Mar-27,302,OK,ujiberkala-dstj.kemenhub.go.id / APLIKASI MITRA DARAT,APLIKASI SAPAWARGA (SAMBARA),9-Sep-26,25-Mar-27,TRUE,TRUE,
17,DC PWK,T8360AQ,PWK440,DOUBLE,3-Sep-26,99,OK,29 Agu 2026,94,OK,ujiberkala-dstj.kemenhub.go.id / APLIKASI MITRA DARAT,APLIKASI SAPAWARGA (SAMBARA),3-Sep-26,29 Agu 2026,TRUE,TRUE,
18,DC PWK,T8601AL,PWK621,ENGKEL,3-Sep-26,99,OK,17-Jan-27,235,OK,ujiberkala-dstj.kemenhub.go.id / APLIKASI MITRA DARAT,APLIKASI SAPAWARGA (SAMBARA),3-Sep-26,17-Jan-27,TRUE,TRUE,
19,DC PWK,T8598AL,PWK504,ENGKEL,3-Sep-26,99,OK,17-Jan-27,235,OK,ujiberkala-dstj.kemenhub.go.id / APLIKASI MITRA DARAT,APLIKASI SAPAWARGA (SAMBARA),3-Sep-26,17-Jan-27,TRUE,TRUE,
20,DC PWK,T8876AP,PWK123,ENGKEL,3-Sep-26,99,OK,3-Apr-27,311,OK,ujiberkala-dstj.kemenhub.go.id / APLIKASI MITRA DARAT,APLIKASI SAPAWARGA (SAMBARA),3-Sep-26,3-Apr-27,TRUE,TRUE,
21,DC PWK,T8878AP,PWK124,ENGKEL,3-Sep-26,99,OK,3-Apr-27,311,OK,ujiberkala-dstj.kemenhub.go.id / APLIKASI MITRA DARAT,APLIKASI SAPAWARGA (SAMBARA),3-Sep-26,3-Apr-27,TRUE,TRUE,
22,DC PWK,T8361AQ,PWK517,DOUBLE,2-Sep-26,98,OK,29 Agu 2026,94,OK,ujiberkala-dstj.kemenhub.go.id / APLIKASI MITRA DARAT,APLIKASI SAPAWARGA (SAMBARA),2-Sep-26,29 Agu 2026,TRUE,TRUE,
23,DC PWK,T8614AL,PWK622,ENGKEL,2-Sep-26,98,OK,24-Jan-27,242,OK,ujiberkala-dstj.kemenhub.go.id / APLIKASI MITRA DARAT,APLIKASI SAPAWARGA (SAMBARA),2-Sep-26,24-Jan-27,TRUE,TRUE,
24,DC PWK,T8252AP,PWK616,ENGKEL,2-Sep-26,98,OK,22-Feb-27,271,OK,ujiberkala-dstj.kemenhub.go.id / APLIKASI MITRA DARAT,APLIKASI SAPAWARGA (SAMBARA),2-Sep-26,22-Feb-27,TRUE,TRUE,
25,DC PWK,B9742FCC,PWK107,ENGKEL,27 Agu 2026,92,OK,25-Mar-27,302,OK,ujiberkala-dstj.kemenhub.go.id / APLIKASI MITRA DARAT,APLIKASI SAPAWARGA (SAMBARA),27 Agu 2026,25-Mar-27,TRUE,TRUE,
26,DC PWK,B9358FCD,PWK122,L300,26 Agu 2026,91,OK,26-Feb-27,275,OK,ujiberkala-dstj.kemenhub.go.id / APLIKASI MITRA DARAT,APLIKASI SAPAWARGA (SAMBARA),26 Agu 2026,26-Feb-27,TRUE,TRUE,
27,DC PWK,B9607FCC,PWK010,ENGKEL,26 Agu 2026,91,OK,7-Feb-27,256,OK,ujiberkala-dstj.kemenhub.go.id / APLIKASI MITRA DARAT,APLIKASI SAPAWARGA (SAMBARA),26 Agu 2026,7-Feb-27,TRUE,TRUE,
28,DC PWK,B9672FCC,PWK608,ENGKEL,26 Agu 2026,91,OK,6-Mar-27,283,OK,ujiberkala-dstj.kemenhub.go.id / APLIKASI MITRA DARAT,APLIKASI SAPAWARGA (SAMBARA),26 Agu 2026,6-Mar-27,TRUE,TRUE,
29,DC PWK,B9712FCC,PWK101,ENGKEL,26 Agu 2026,91,OK,21-Mar-27,298,OK,ujiberkala-dstj.kemenhub.go.id / APLIKASI MITRA DARAT,APLIKASI SAPAWARGA (SAMBARA),26 Agu 2026,21-Mar-27,TRUE,TRUE,
30,DC PWK,B9652UY,PWK016,ENGKEL,26 Agu 2026,91,OK,27 Agu 2026,92,OK,ujiberkala-dstj.kemenhub.go.id / APLIKASI MITRA DARAT,APLIKASI SAPAWARGA (SAMBARA),26 Agu 2026,27 Agu 2026,TRUE,TRUE,
31,DC PWK,B9606FCC,PWK009,ENGKEL,25 Agu 2026,90,OK,7-Feb-27,256,OK,ujiberkala-dstj.kemenhub.go.id / APLIKASI MITRA DARAT,APLIKASI SAPAWARGA (SAMBARA),25 Agu 2026,7-Feb-27,TRUE,TRUE,
32,DC PWK,B9338FCB,PWK025,ENGKEL,25 Agu 2026,90,OK,12-Apr-27,320,OK,ujiberkala-dstj.kemenhub.go.id / APLIKASI MITRA DARAT,APLIKASI SAPAWARGA (SAMBARA),25 Agu 2026,12-Apr-27,TRUE,TRUE,
33,DC PWK,B9674FCC,PWK609,ENGKEL,25 Agu 2026,90,OK,6-Mar-27,283,OK,ujiberkala-dstj.kemenhub.go.id / APLIKASI MITRA DARAT,APLIKASI SAPAWARGA (SAMBARA),25 Agu 2026,6-Mar-27,TRUE,TRUE,
34,DC PWK,B9484FCC,PWK004,ENGKEL,24 Agu 2026,89,OK,5 Des 2026,192,OK,ujiberkala-dstj.kemenhub.go.id / APLIKASI MITRA DARAT,APLIKASI SAPAWARGA (SAMBARA),24 Agu 2026,5 Des 2026,TRUE,TRUE,
35,DC PWK,B9738FCC,PWK103,ENGKEL,24 Agu 2026,89,OK,25-Mar-27,302,OK,ujiberkala-dstj.kemenhub.go.id / APLIKASI MITRA DARAT,APLIKASI SAPAWARGA (SAMBARA),24 Agu 2026,25-Mar-27,TRUE,TRUE,
36,DC PWK,B9518FCA,PWK604,ENGKEL,24 Agu 2026,89,OK,5-Jan-27,223,OK,ujiberkala-dstj.kemenhub.go.id / APLIKASI MITRA DARAT,APLIKASI SAPAWARGA (SAMBARA),24 Agu 2026,5-Jan-27,TRUE,TRUE,
37,DC PWK,T8771AJ,PWK654,DOUBLE,24 Agu 2026,89,OK,4-Sep-26,100,OK,ujiberkala-dstj.kemenhub.go.id / APLIKASI MITRA DARAT,APLIKASI SAPAWARGA (SAMBARA),24 Agu 2026,4-Sep-26,TRUE,TRUE,
38,DC PWK,T8207AK,PWK661,DOUBLE,24 Agu 2026,89,OK,11-Jan-27,229,OK,ujiberkala-dstj.kemenhub.go.id / APLIKASI MITRA DARAT,APLIKASI SAPAWARGA (SAMBARA),24 Agu 2026,11-Jan-27,TRUE,TRUE,
39,DC PWK,B9481FCC,PWK002,ENGKEL,24 Agu 2026,89,OK,5 Des 2026,192,OK,ujiberkala-dstj.kemenhub.go.id / APLIKASI MITRA DARAT,APLIKASI SAPAWARGA (SAMBARA),24 Agu 2026,5 Des 2026,TRUE,TRUE,
40,DC PWK,T8582AJ,PWK653,DOUBLE,24 Agu 2026,89,OK,24-Jun-26,28,OK,ujiberkala-dstj.kemenhub.go.id / APLIKASI MITRA DARAT,APLIKASI SAPAWARGA (SAMBARA),24 Agu 2026,24-Jun-26,TRUE,TRUE,
41,DC PWK,B9543FCC,PWK502,ENGKEL,24 Agu 2026,89,OK,10-Jan-27,228,OK,ujiberkala-dstj.kemenhub.go.id / APLIKASI MITRA DARAT,APLIKASI SAPAWARGA (SAMBARA),24 Agu 2026,10-Jan-27,TRUE,TRUE,
42,DC PWK,B9480FCC,PWK001,ENGKEL,18 Agu 2026,83,OK,5 Des 2026,192,OK,ujiberkala-dstj.kemenhub.go.id / APLIKASI MITRA DARAT,APLIKASI SAPAWARGA (SAMBARA),18 Agu 2026,5 Des 2026,TRUE,TRUE,
43,DC PWK,B9482FCC,PWK008,ENGKEL,18 Agu 2026,83,OK,5 Des 2026,192,OK,ujiberkala-dstj.kemenhub.go.id / APLIKASI MITRA DARAT,APLIKASI SAPAWARGA (SAMBARA),18 Agu 2026,5 Des 2026,TRUE,TRUE,
44,DC PWK,B9519FCA,PWK605,ENGKEL,18 Agu 2026,83,OK,5-Jan-27,223,OK,ujiberkala-dstj.kemenhub.go.id / APLIKASI MITRA DARAT,APLIKASI SAPAWARGA (SAMBARA),18 Agu 2026,5-Jan-27,TRUE,TRUE,
45,DC PWK,B9544FCC,PWK501,ENGKEL,18 Agu 2026,83,OK,10-Jan-27,228,OK,ujiberkala-dstj.kemenhub.go.id / APLIKASI MITRA DARAT,APLIKASI SAPAWARGA (SAMBARA),18 Agu 2026,10-Jan-27,TRUE,TRUE,
46,DC PWK,T8653AN,PWK508,ENGKEL,5 Agu 2026,70,OK,2-Mar-27,279,OK,ujiberkala-dstj.kemenhub.go.id / APLIKASI MITRA DARAT,APLIKASI SAPAWARGA (SAMBARA),5 Agu 2026,2-Mar-27,TRUE,TRUE,
47,DC PWK,T8610AQ,PWK172,ENGKEL,5 Agu 2026,70,OK,31-Jul-26,65,OK,ujiberkala-dstj.kemenhub.go.id / APLIKASI MITRA DARAT,APLIKASI SAPAWARGA (SAMBARA),5 Agu 2026,31-Jul-26,TRUE,TRUE,
48,DC PWK,T8611AQ,PWK173,ENGKEL,5 Agu 2026,70,OK,31-Jul-26,65,OK,ujiberkala-dstj.kemenhub.go.id / APLIKASI MITRA DARAT,APLIKASI SAPAWARGA (SAMBARA),5 Agu 2026,31-Jul-26,TRUE,TRUE,
49,DC PWK,T8615AL,PWK626,ENGKEL,5 Agu 2026,70,OK,24-Jan-27,242,OK,ujiberkala-dstj.kemenhub.go.id / APLIKASI MITRA DARAT,APLIKASI SAPAWARGA (SAMBARA),5 Agu 2026,24-Jan-27,TRUE,TRUE,
50,DC PWK,T8599AL,PWK505,ENGKEL,5 Agu 2026,70,OK,17-Jan-27,235,OK,ujiberkala-dstj.kemenhub.go.id / APLIKASI MITRA DARAT,APLIKASI SAPAWARGA (SAMBARA),5 Agu 2026,17-Jan-27,TRUE,TRUE,
51,DC PWK,T8168AN,PWK418,L300,4 Agu 2026,69,OK,27 Des 2026,214,OK,ujiberkala-dstj.kemenhub.go.id / APLIKASI MITRA DARAT,APLIKASI SAPAWARGA (SAMBARA),4 Agu 2026,27 Des 2026,TRUE,TRUE,
52,DC PWK,T8251AP,PWK601,ENGKEL,4 Agu 2026,69,OK,22-Feb-27,271,OK,ujiberkala-dstj.kemenhub.go.id / APLIKASI MITRA DARAT,APLIKASI SAPAWARGA (SAMBARA),4 Agu 2026,22-Feb-27,TRUE,TRUE,
53,DC PWK,T8656AM,PWK507,ENGKEL,4 Agu 2026,69,OK,10-Apr-27,318,OK,ujiberkala-dstj.kemenhub.go.id / APLIKASI MITRA DARAT,APLIKASI SAPAWARGA (SAMBARA),4 Agu 2026,10-Apr-27,TRUE,TRUE,
54,DC PWK,T8652AN,PWK019,ENGKEL,3 Agu 2026,68,OK,24-Feb-27,273,OK,ujiberkala-dstj.kemenhub.go.id / APLIKASI MITRA DARAT,APLIKASI SAPAWARGA (SAMBARA),3 Agu 2026,24-Feb-27,TRUE,TRUE,
55,DC PWK,T8597AQ,PWK171,DOUBLE,24-Jul-26,58,OK,14-Jul-26,48,OK,ujiberkala-dstj.kemenhub.go.id / APLIKASI MITRA DARAT,APLIKASI SAPAWARGA (SAMBARA),24-Jul-26,14-Jul-26,TRUE,TRUE,
56,DC PWK,T8062AN,PWK430,L300,22-Jul-26,56,OK,7-Nov-26,164,OK,ujiberkala-dstj.kemenhub.go.id / APLIKASI MITRA DARAT,APLIKASI SAPAWARGA (SAMBARA),22-Jul-26,7-Nov-26,TRUE,TRUE,
57,DC PWK,T8179AQ,PWK055,DOUBLE,21-Jul-26,55,OK,22-Jan-27,240,OK,ujiberkala-dstj.kemenhub.go.id / APLIKASI MITRA DARAT,APLIKASI SAPAWARGA (SAMBARA),21-Jul-26,22-Jan-27,TRUE,TRUE,
58,DC PWK,T8041AN,PWK006,ENGKEL,13-Jul-26,47,OK,23 Okt 2026,149,OK,ujiberkala-dstj.kemenhub.go.id / APLIKASI MITRA DARAT,APLIKASI SAPAWARGA (SAMBARA),13-Jul-26,23 Okt 2026,TRUE,TRUE,
59,DC PWK,T8480AQ,PWK051,DOUBLE,13-Jul-26,47,OK,8-Jan-27,226,OK,ujiberkala-dstj.kemenhub.go.id / APLIKASI MITRA DARAT,APLIKASI SAPAWARGA (SAMBARA),13-Jul-26,8-Jan-27,TRUE,TRUE,
60,DC PWK,T8481AQ,PWK080,DOUBLE,13-Jul-26,47,OK,8-Jan-27,226,OK,ujiberkala-dstj.kemenhub.go.id / APLIKASI MITRA DARAT,APLIKASI SAPAWARGA (SAMBARA),13-Jul-26,8-Jan-27,TRUE,TRUE,
61,DC PWK,T8482AQ,PWK083,DOUBLE,13-Jul-26,47,OK,8-Jan-27,226,OK,ujiberkala-dstj.kemenhub.go.id / APLIKASI MITRA DARAT,APLIKASI SAPAWARGA (SAMBARA),13-Jul-26,8-Jan-27,TRUE,TRUE,
62,DC PWK,T8043AN,PWK106,ENGKEL,12-Jul-26,46,OK,23 Okt 2026,149,OK,ujiberkala-dstj.kemenhub.go.id / APLIKASI MITRA DARAT,APLIKASI SAPAWARGA (SAMBARA),12-Jul-26,23 Okt 2026,TRUE,TRUE,
63,DC PWK,T8149AP,PWK415,ENGKEL,12-Jul-26,46,OK,16 Des 2026,203,OK,ujiberkala-dstj.kemenhub.go.id / APLIKASI MITRA DARAT,APLIKASI SAPAWARGA (SAMBARA),12-Jul-26,16 Des 2026,TRUE,TRUE,
64,DC PWK,T8150AN,PWK052,DOUBLE,12-Jul-26,46,OK,21 Des 2026,208,OK,ujiberkala-dstj.kemenhub.go.id / APLIKASI MITRA DARAT,APLIKASI SAPAWARGA (SAMBARA),12-Jul-26,21 Des 2026,TRUE,TRUE,
65,DC PWK,T8425AO,PWK650,DOUBLE,12-Jul-26,46,OK,2 Okt 2026,128,OK,ujiberkala-dstj.kemenhub.go.id / APLIKASI MITRA DARAT,APLIKASI SAPAWARGA (SAMBARA),12-Jul-26,2 Okt 2026,TRUE,TRUE,
66,DC PWK,T8395AK,PWK620,ENGKEL,12-Jul-26,46,OK,26-Apr-27,334,OK,ujiberkala-dstj.kemenhub.go.id / APLIKASI MITRA DARAT,APLIKASI SAPAWARGA (SAMBARA),12-Jul-26,26-Apr-27,TRUE,TRUE,
67,DC PWK,T8578AQ,PWK664,DOUBLE,7-Jul-26,41,OK,18-Jun-26,22,OK,ujiberkala-dstj.kemenhub.go.id / APLIKASI MITRA DARAT,APLIKASI SAPAWARGA (SAMBARA),7-Jul-26,18-Jun-26,TRUE,TRUE,
68,DC PWK,T8506AO,PWK652,DOUBLE,6-Jul-26,40,OK,28 Des 2026,215,OK,ujiberkala-dstj.kemenhub.go.id / APLIKASI MITRA DARAT,APLIKASI SAPAWARGA (SAMBARA),6-Jul-26,28 Des 2026,TRUE,TRUE,
69,DC PWK,T8795AL,PWK629,ENGKEL,6-Jul-26,40,OK,17-Apr-27,325,OK,ujiberkala-dstj.kemenhub.go.id / APLIKASI MITRA DARAT,APLIKASI SAPAWARGA (SAMBARA),6-Jul-26,17-Apr-27,TRUE,TRUE,
70,DC PWK,T8797AL,PWK631,ENGKEL,6-Jul-26,40,OK,18-Apr-27,326,OK,ujiberkala-dstj.kemenhub.go.id / APLIKASI MITRA DARAT,APLIKASI SAPAWARGA (SAMBARA),6-Jul-26,18-Apr-27,TRUE,TRUE,
71,DC PWK,T8151AN,PWK061,DOUBLE,2-Jul-26,36,OK,21 Des 2026,208,OK,ujiberkala-dstj.kemenhub.go.id / APLIKASI MITRA DARAT,APLIKASI SAPAWARGA (SAMBARA),2-Jul-26,21 Des 2026,TRUE,TRUE,
72,DC PWK,T8042AN,PWK036,ENGKEL,30-Jun-26,34,OK,23 Okt 2026,149,OK,ujiberkala-dstj.kemenhub.go.id / APLIKASI MITRA DARAT,APLIKASI SAPAWARGA (SAMBARA),30-Jun-26,23 Okt 2026,TRUE,TRUE,
73,DC PWK,T8150AP,PWK512,ENGKEL,30-Jun-26,34,OK,16 Des 2026,203,OK,ujiberkala-dstj.kemenhub.go.id / APLIKASI MITRA DARAT,APLIKASI SAPAWARGA (SAMBARA),30-Jun-26,16 Des 2026,TRUE,TRUE,
74,DC PWK,T8679AM,PWK407,L300,30-Jun-26,34,OK,22-Apr-27,330,OK,ujiberkala-dstj.kemenhub.go.id / APLIKASI MITRA DARAT,APLIKASI SAPAWARGA (SAMBARA),30-Jun-26,22-Apr-27,TRUE,TRUE,
75,DC PWK,T8794AL,PWK628,ENGKEL,30-Jun-26,34,OK,17-Apr-27,325,OK,ujiberkala-dstj.kemenhub.go.id / APLIKASI MITRA DARAT,APLIKASI SAPAWARGA (SAMBARA),30-Jun-26,17-Apr-27,TRUE,TRUE,
76,DC PWK,T8796AL,PWK630,ENGKEL,30-Jun-26,34,OK,18-Apr-27,326,OK,ujiberkala-dstj.kemenhub.go.id / APLIKASI MITRA DARAT,APLIKASI SAPAWARGA (SAMBARA),30-Jun-26,18-Apr-27,TRUE,TRUE,
77,DC PWK,T8160AN,PWK416,L300,30-Jun-26,34,OK,27 Des 2026,214,OK,ujiberkala-dstj.kemenhub.go.id / APLIKASI MITRA DARAT,APLIKASI SAPAWARGA (SAMBARA),30-Jun-26,27 Des 2026,TRUE,TRUE,
78,DC PWK,T8206AK,PWK660,DOUBLE,30-Jun-26,34,OK,11-Jan-27,229,OK,ujiberkala-dstj.kemenhub.go.id / APLIKASI MITRA DARAT,APLIKASI SAPAWARGA (SAMBARA),30-Jun-26,11-Jan-27,TRUE,TRUE,
79,DC PWK,T8203AK,PWK657,DOUBLE,30-Jun-26,34,OK,11-Jan-27,229,OK,ujiberkala-dstj.kemenhub.go.id / APLIKASI MITRA DARAT,APLIKASI SAPAWARGA (SAMBARA),30-Jun-26,11-Jan-27,TRUE,TRUE,
80,DC PWK,T8205AK,PWK659,DOUBLE,30-Jun-26,34,OK,11-Jan-27,229,OK,ujiberkala-dstj.kemenhub.go.id / APLIKASI MITRA DARAT,APLIKASI SAPAWARGA (SAMBARA),30-Jun-26,11-Jan-27,TRUE,TRUE,
81,DC PWK,T8365AK,PWK110,ENGKEL,10-Jun-26,14,OK,6-Apr-27,314,OK,ujiberkala-dstj.kemenhub.go.id / APLIKASI MITRA DARAT,APLIKASI SAPAWARGA (SAMBARA),10-Jun-26,6-Apr-27,TRUE,TRUE,
82,DC PWK,T8369AK,PWK114,ENGKEL,9-Jun-26,13,OK,6-Apr-27,314,OK,ujiberkala-dstj.kemenhub.go.id / APLIKASI MITRA DARAT,APLIKASI SAPAWARGA (SAMBARA),9-Jun-26,6-Apr-27,TRUE,TRUE,
83,DC PWK,T8350AK,PWK166,DOUBLE,9-Jun-26,13,OK,4-Apr-27,312,OK,ujiberkala-dstj.kemenhub.go.id / APLIKASI MITRA DARAT,APLIKASI SAPAWARGA (SAMBARA),9-Jun-26,4-Apr-27,TRUE,TRUE,
84,DC PWK,T8045AN,PWK109,ENGKEL,8-Jun-26,12,OK,23 Okt 2026,149,OK,ujiberkala-dstj.kemenhub.go.id / APLIKASI MITRA DARAT,APLIKASI SAPAWARGA (SAMBARA),8-Jun-26,23 Okt 2026,TRUE,TRUE,
85,DC PWK,T8896AK,PWK088,DOUBLE,8-Jun-26,12,OK,21-Mar-27,298,OK,ujiberkala-dstj.kemenhub.go.id / APLIKASI MITRA DARAT,APLIKASI SAPAWARGA (SAMBARA),8-Jun-26,21-Mar-27,TRUE,TRUE,
86,DC PWK,T8792AL,PWK627,ENGKEL,8-Jun-26,12,OK,18-Apr-27,326,OK,ujiberkala-dstj.kemenhub.go.id / APLIKASI MITRA DARAT,APLIKASI SAPAWARGA (SAMBARA),8-Jun-26,18-Apr-27,TRUE,TRUE,
87,DC PWK,D8117EE,PWK040,ENGKEL,18-Nov-26,175,OK,25-Jan-27,243,OK,ujiberkala-dstj.kemenhub.go.id / APLIKASI MITRA DARAT,APLIKASI SAPAWARGA (SAMBARA),18-Nov-26,25-Jan-27,TRUE,TRUE,
88,DC PWK,T8040AN,PWK005,ENGKEL,5-Jun-26,9,MENDEKATI JATUH TEMPO,23 Okt 2026,149,OK,ujiberkala-dstj.kemenhub.go.id / APLIKASI MITRA DARAT,APLIKASI SAPAWARGA (SAMBARA),5-Jun-26,23 Okt 2026,TRUE,TRUE,
89,DC PWK,F8655GK,PWK624,ENGKEL,4-Jun-26,8,MENDEKATI JATUH TEMPO,3 Des 2026,190,OK,ujiberkala-dstj.kemenhub.go.id / APLIKASI MITRA DARAT,APLIKASI SAPAWARGA (SAMBARA),4-Jun-26,3 Des 2026,TRUE,TRUE,
90,DC PWK,E8045KN,PWK606,DOUBLE,3-Jun-26,7,MENDEKATI JATUH TEMPO,12-Apr-27,320,OK,ujiberkala-dstj.kemenhub.go.id / APLIKASI MITRA DARAT,APLIKASI SAPAWARGA (SAMBARA),3-Jun-26,12-Apr-27,TRUE,TRUE,
91,DC PWK,T8349AK,PWK165,DOUBLE,3-Jun-26,7,MENDEKATI JATUH TEMPO,4-Apr-27,312,OK,ujiberkala-dstj.kemenhub.go.id / APLIKASI MITRA DARAT,APLIKASI SAPAWARGA (SAMBARA),3-Jun-26,4-Apr-27,TRUE,TRUE,
92,DC PWK,T8736AP,PWK066,DOUBLE,3-Jun-26,7,MENDEKATI JATUH TEMPO,28 Des 2027,580,OK,ujiberkala-dstj.kemenhub.go.id / APLIKASI MITRA DARAT,APLIKASI SAPAWARGA (SAMBARA),3-Jun-26,28 Des 2027,TRUE,TRUE,
93,DC PWK,T8737AP,PWK067,DOUBLE,3-Jun-26,7,MENDEKATI JATUH TEMPO,28 Des 2027,580,OK,ujiberkala-dstj.kemenhub.go.id / APLIKASI MITRA DARAT,APLIKASI SAPAWARGA (SAMBARA),3-Jun-26,28 Des 2027,TRUE,TRUE,
94,DC PWK,T8924AP,PWK071,DOUBLE,3-Jun-26,7,MENDEKATI JATUH TEMPO,23 Mei 2027,361,OK,ujiberkala-dstj.kemenhub.go.id / APLIKASI MITRA DARAT,APLIKASI SAPAWARGA (SAMBARA),3-Jun-26,23 Mei 2027,TRUE,TRUE,
95,DC PWK,T8926AP,PWK076,DOUBLE,3-Jun-26,7,MENDEKATI JATUH TEMPO,23 Mei 2027,361,OK,ujiberkala-dstj.kemenhub.go.id / APLIKASI MITRA DARAT,APLIKASI SAPAWARGA (SAMBARA),3-Jun-26,23 Mei 2027,TRUE,TRUE,
96,DC PWK,T8735AP,PWK065,DOUBLE,3-Jun-26,7,MENDEKATI JATUH TEMPO,28 Des 2027,580,OK,ujiberkala-dstj.kemenhub.go.id / APLIKASI MITRA DARAT,APLIKASI SAPAWARGA (SAMBARA),3-Jun-26,28 Des 2027,TRUE,TRUE,
97,DC PWK,T8842AK,PWK120,L300,3-Jun-26,7,MENDEKATI JATUH TEMPO,22-Feb-27,271,OK,ujiberkala-dstj.kemenhub.go.id / APLIKASI MITRA DARAT,APLIKASI SAPAWARGA (SAMBARA),3-Jun-26,22-Feb-27,TRUE,TRUE,
98,DC PWK,F8344GZ,PWK408,L300,2-Jun-26,6,MENDEKATI JATUH TEMPO,21-Feb-27,270,OK,ujiberkala-dstj.kemenhub.go.id / APLIKASI MITRA DARAT,APLIKASI SAPAWARGA (SAMBARA),2-Jun-26,21-Feb-27,TRUE,TRUE,
99,DC PWK,F8440GZ,PWK131,ENGKEL,2-Jun-26,6,MENDEKATI JATUH TEMPO,6-Mar-27,283,OK,ujiberkala-dstj.kemenhub.go.id / APLIKASI MITRA DARAT,APLIKASI SAPAWARGA (SAMBARA),2-Jun-26,6-Mar-27,TRUE,TRUE,
100,DC PWK,T8161AN,PWK417,L300,2-Jun-26,6,MENDEKATI JATUH TEMPO,27 Des 2026,214,OK,ujiberkala-dstj.kemenhub.go.id / APLIKASI MITRA DARAT,APLIKASI SAPAWARGA (SAMBARA),2-Jun-26,27 Des 2026,TRUE,TRUE,
101,DC PWK,T8061AN,PWK414,L300,2-Jun-26,6,MENDEKATI JATUH TEMPO,7-Nov-26,164,OK,ujiberkala-dstj.kemenhub.go.id / APLIKASI MITRA DARAT,APLIKASI SAPAWARGA (SAMBARA),2-Jun-26,7-Nov-26,TRUE,TRUE,
102,DC PWK,D8062EA,PWK038,ENGKEL,26 Mei 2026,-1,TELAT,24-Apr-27,332,OK,ujiberkala-dstj.kemenhub.go.id / APLIKASI MITRA DARAT,APLIKASI SAPAWARGA (SAMBARA),26 Mei 2026,24-Apr-27,TRUE,TRUE,
103,DC PWK,D8105EA,PWK041,ENGKEL,26 Mei 2026,-1,TELAT,27-Apr-27,335,OK,ujiberkala-dstj.kemenhub.go.id / APLIKASI MITRA DARAT,APLIKASI SAPAWARGA (SAMBARA),26 Mei 2026,27-Apr-27,TRUE,TRUE,
104,DC PWK,D8106EA,PWK042,ENGKEL,26 Mei 2026,-1,TELAT,27-Apr-27,335,OK,ujiberkala-dstj.kemenhub.go.id / APLIKASI MITRA DARAT,APLIKASI SAPAWARGA (SAMBARA),26 Mei 2026,27-Apr-27,TRUE,TRUE,
105,DC PWK,D8044FU,PWK427,L300,26 Mei 2026,-1,TELAT,6-Jul-26,40,OK,ujiberkala-dstj.kemenhub.go.id / APLIKASI MITRA DARAT,APLIKASI SAPAWARGA (SAMBARA),26 Mei 2026,6-Jul-26,TRUE,TRUE,
106,DC PWK,D8121EE,PWK037,ENGKEL,25 Mei 2026,-2,TELAT,26-Jan-27,244,OK,ujiberkala-dstj.kemenhub.go.id / APLIKASI MITRA DARAT,APLIKASI SAPAWARGA (SAMBARA),25 Mei 2026,26-Jan-27,TRUE,TRUE,
107,DC PWK,D8122EE,PWK613,ENGKEL,18-Nov-26,175,OK,25-Jan-27,243,OK,ujiberkala-dstj.kemenhub.go.id / APLIKASI MITRA DARAT,APLIKASI SAPAWARGA (SAMBARA),18-Nov-26,25-Jan-27,TRUE,TRUE,
108,DC PWK,D8857EE,PWK044,ENGKEL,25 Mei 2026,-2,TELAT,8-Mar-27,285,OK,ujiberkala-dstj.kemenhub.go.id / APLIKASI MITRA DARAT,APLIKASI SAPAWARGA (SAMBARA),25 Mei 2026,8-Mar-27,TRUE,TRUE,
109,DC PWK,F8117MB,PWK506,ENGKEL,24 Mei 2026,-3,TELAT,19 Okt 2026,145,OK,ujiberkala-dstj.kemenhub.go.id / APLIKASI MITRA DARAT,APLIKASI SAPAWARGA (SAMBARA),24 Mei 2026,19 Okt 2026,TRUE,TRUE,
110,DC PWK,D8120EE,PWK039,ENGKEL,18-Nov-26,175,OK,26-Jan-27,244,OK,ujiberkala-dstj.kemenhub.go.id / APLIKASI MITRA DARAT,APLIKASI SAPAWARGA (SAMBARA),18-Nov-26,26-Jan-27,TRUE,TRUE,
111,DC PWK,T8056AP,PWK021,ENGKEL,6-Nov-26,163,OK,28 Okt 2026,154,OK,ujiberkala-dstj.kemenhub.go.id / APLIKASI MITRA DARAT,APLIKASI SAPAWARGA (SAMBARA),6-Nov-26,28 Okt 2026,TRUE,TRUE,
112,DC PWK,T8372AK,PWK116,ENGKEL,6-Nov-26,163,OK,6-Apr-27,314,OK,ujiberkala-dstj.kemenhub.go.id / APLIKASI MITRA DARAT,APLIKASI SAPAWARGA (SAMBARA),6-Nov-26,6-Apr-27,TRUE,TRUE,
113,DC PWK,T8897AK,PWK089,DOUBLE,6-Nov-26,163,OK,21-Mar-27,298,OK,ujiberkala-dstj.kemenhub.go.id / APLIKASI MITRA DARAT,APLIKASI SAPAWARGA (SAMBARA),6-Nov-26,21-Mar-27,TRUE,TRUE,
114,DC PWK,T8927AP,PWK077,DOUBLE,6-Nov-26,163,OK,23 Mei 2027,361,OK,ujiberkala-dstj.kemenhub.go.id / APLIKASI MITRA DARAT,APLIKASI SAPAWARGA (SAMBARA),6-Nov-26,23 Mei 2027,TRUE,TRUE,
115,DC PWK,B9483FCC,PWK003,ENGKEL,5-Nov-26,162,OK,5 Des 2026,192,OK,ujiberkala-dstj.kemenhub.go.id / APLIKASI MITRA DARAT,APLIKASI SAPAWARGA (SAMBARA),5-Nov-26,5 Des 2026,TRUE,TRUE,
116,DC PWK,T8923AP,PWK058,DOUBLE,6-Nov-26,163,OK,23 Mei 2027,361,OK,ujiberkala-dstj.kemenhub.go.id / APLIKASI MITRA DARAT,APLIKASI SAPAWARGA (SAMBARA),6-Nov-26,23 Mei 2027,TRUE,TRUE,
117,DC PWK,T8373AK,PWK117,ENGKEL,19-Nov-26,176,OK,6-Apr-27,314,OK,ujiberkala-dstj.kemenhub.go.id / APLIKASI MITRA DARAT,APLIKASI SAPAWARGA (SAMBARA),19-Nov-26,6-Apr-27,TRUE,TRUE,
118,DC PWK,T8351AK,PWK167,DOUBLE,18-Nov-26,175,OK,4-Apr-27,312,OK,ujiberkala-dstj.kemenhub.go.id / APLIKASI MITRA DARAT,APLIKASI SAPAWARGA (SAMBARA),18-Nov-26,4-Apr-27,TRUE,TRUE,
119,DC PWK,B9659JZO,PWK436,ENGKEL,17-Nov-26,174,OK,23-Apr-27,331,OK,ujiberkala-dstj.kemenhub.go.id / APLIKASI MITRA DARAT,INFOPKB.BANTENPROV.GO.ID,17-Nov-26,23-Apr-27,TRUE,TRUE,
120,DC PWK,T8224AJ,PWK096,DOUBLE,17-Nov-26,174,OK,1-Apr-27,309,OK,ujiberkala-dstj.kemenhub.go.id / APLIKASI MITRA DARAT,APLIKASI SAPAWARGA (SAMBARA),17-Nov-26,1-Apr-27,TRUE,TRUE,
121,DC PWK,T8229AJ,PWK099,DOUBLE,13-Nov-26,170,OK,1-Apr-27,309,OK,ujiberkala-dstj.kemenhub.go.id / APLIKASI MITRA DARAT,APLIKASI SAPAWARGA (SAMBARA),13-Nov-26,1-Apr-27,TRUE,TRUE,
122,DC PWK,T8371AK,PWK115,ENGKEL,18-Nov-26,175,OK,6-Apr-27,314,OK,ujiberkala-dstj.kemenhub.go.id / APLIKASI MITRA DARAT,APLIKASI SAPAWARGA (SAMBARA),18-Nov-26,6-Apr-27,TRUE,TRUE,
123,DC PWK,T8925AP,PWK075,DOUBLE,13-Nov-26,170,OK,23 Mei 2027,361,OK,ujiberkala-dstj.kemenhub.go.id / APLIKASI MITRA DARAT,APLIKASI SAPAWARGA (SAMBARA),13-Nov-26,23 Mei 2027,TRUE,TRUE,
124,DC PWK,T8366AK,PWK111,ENGKEL,18-Nov-26,175,OK,6-Apr-27,314,OK,ujiberkala-dstj.kemenhub.go.id / APLIKASI MITRA DARAT,APLIKASI SAPAWARGA (SAMBARA),18-Nov-26,6-Apr-27,TRUE,TRUE,
125,DC PWK,T8611AL,PWK064,DOUBLE,18-Nov-26,175,OK,24-Jan-27,242,OK,ujiberkala-dstj.kemenhub.go.id / APLIKASI MITRA DARAT,APLIKASI SAPAWARGA (SAMBARA),18-Nov-26,24-Jan-27,TRUE,TRUE,
126,DC PWK,T8783AL,PWK028,L300,14-Nov-26,171,OK,10-Apr-27,318,OK,ujiberkala-dstj.kemenhub.go.id / APLIKASI MITRA DARAT,APLIKASI SAPAWARGA (SAMBARA),14-Nov-26,10-Apr-27,TRUE,TRUE,
127,DC PWK,T8909AO,PWK092,DOUBLE,6-Nov-26,163,OK,30-Jul-26,64,OK,ujiberkala-dstj.kemenhub.go.id / APLIKASI MITRA DARAT,APLIKASI SAPAWARGA (SAMBARA),6-Nov-26,30-Jul-26,TRUE,TRUE,
128,DC PWK,B9709FCC,PWK048,ENGKEL,5-Nov-26,162,OK,14-Mar-27,291,OK,ujiberkala-dstj.kemenhub.go.id / APLIKASI MITRA DARAT,APLIKASI SAPAWARGA (SAMBARA),5-Nov-26,14-Mar-27,TRUE,TRUE,
129,DC PWK,T8848AK,PWK119,ENGKEL,5-Nov-26,162,OK,22-Feb-27,271,OK,ujiberkala-dstj.kemenhub.go.id / APLIKASI MITRA DARAT,APLIKASI SAPAWARGA (SAMBARA),5-Nov-26,22-Feb-27,TRUE,TRUE,
130,DC PWK,T8773AJ,PWK655,DOUBLE,5-Nov-26,162,OK,4-Sep-26,100,OK,ujiberkala-dstj.kemenhub.go.id / APLIKASI MITRA DARAT,APLIKASI SAPAWARGA (SAMBARA),5-Nov-26,4-Sep-26,TRUE,TRUE,
131,DC PWK,T8898AK,PWK090,DOUBLE,5-Nov-26,162,OK,21-Mar-27,298,OK,ujiberkala-dstj.kemenhub.go.id / APLIKASI MITRA DARAT,APLIKASI SAPAWARGA (SAMBARA),5-Nov-26,21-Mar-27,TRUE,TRUE,
132,DC PWK,T8908AO,PWK093,DOUBLE,5-Nov-26,162,OK,30-Jul-26,64,OK,ujiberkala-dstj.kemenhub.go.id / APLIKASI MITRA DARAT,APLIKASI SAPAWARGA (SAMBARA),5-Nov-26,30-Jul-26,TRUE,TRUE,
133,DC PWK,T8552AQ,PWK170,ENGKEL,5-Nov-26,162,OK,9 Mei 2027,347,OK,ujiberkala-dstj.kemenhub.go.id / APLIKASI MITRA DARAT,APLIKASI SAPAWARGA (SAMBARA),5-Nov-26,9 Mei 2027,TRUE,TRUE,
134,DC PWK,T8902AP,PWK070,DOUBLE,5-Nov-26,162,OK,2 Mei 2027,340,OK,ujiberkala-dstj.kemenhub.go.id / APLIKASI MITRA DARAT,APLIKASI SAPAWARGA (SAMBARA),5-Nov-26,2 Mei 2027,TRUE,TRUE,
135,DC PWK,T8907AO,PWK095,DOUBLE,5-Nov-26,162,OK,30-Jul-26,64,OK,ujiberkala-dstj.kemenhub.go.id / APLIKASI MITRA DARAT,APLIKASI SAPAWARGA (SAMBARA),5-Nov-26,30-Jul-26,TRUE,TRUE,
136,DC PWK,B9344FCB,PWK011,ENGKEL,5-Nov-26,162,OK,12-Apr-27,320,OK,ujiberkala-dstj.kemenhub.go.id / APLIKASI MITRA DARAT,APLIKASI SAPAWARGA (SAMBARA),5-Nov-26,12-Apr-27,TRUE,TRUE,
137,DC PWK,T8368AK,PWK113,ENGKEL,5-Nov-26,162,OK,6-Apr-27,314,OK,ujiberkala-dstj.kemenhub.go.id / APLIKASI MITRA DARAT,APLIKASI SAPAWARGA (SAMBARA),5-Nov-26,6-Apr-27,TRUE,TRUE,
138,DC PWK,T8550AQ,PWK168,ENGKEL,5-Nov-26,162,OK,9 Mei 2027,347,OK,ujiberkala-dstj.kemenhub.go.id / APLIKASI MITRA DARAT,APLIKASI SAPAWARGA (SAMBARA),5-Nov-26,9 Mei 2027,TRUE,TRUE,
139,DC PWK,T8551AQ,PWK169,ENGKEL,5-Nov-26,162,OK,9 Mei 2027,347,OK,ujiberkala-dstj.kemenhub.go.id / APLIKASI MITRA DARAT,APLIKASI SAPAWARGA (SAMBARA),5-Nov-26,9 Mei 2027,TRUE,TRUE,
140,DC PWK,T8680AM,PWK405,L300,5-Nov-26,162,OK,22-Apr-27,330,OK,ujiberkala-dstj.kemenhub.go.id / APLIKASI MITRA DARAT,APLIKASI SAPAWARGA (SAMBARA),5-Nov-26,22-Apr-27,TRUE,TRUE,
141,DC PWK,F8347GZ,PWK411,L300,28-Feb-27,277,OK,21-Feb-27,270,OK,ujiberkala-dstj.kemenhub.go.id / APLIKASI MITRA DARAT,APLIKASI SAPAWARGA (SAMBARA),28-Feb-27,21-Feb-27,TRUE,TRUE,
142,DC PWK,F8346GZ,PWK410,L300,28-Feb-27,277,OK,21-Feb-27,270,OK,ujiberkala-dstj.kemenhub.go.id / APLIKASI MITRA DARAT,APLIKASI SAPAWARGA (SAMBARA),28-Feb-27,21-Feb-27,TRUE,TRUE,
143,DC PWK,F8219GD,PWK623,ENGKEL,28-Feb-27,277,OK,26-Apr-27,334,OK,ujiberkala-dstj.kemenhub.go.id / APLIKASI MITRA DARAT,APLIKASI SAPAWARGA (SAMBARA),28-Feb-27,26-Apr-27,TRUE,TRUE,
144,DC PWK,F8570GW,PWK402,L300,28-Feb-27,277,OK,22-Mar-27,299,OK,ujiberkala-dstj.kemenhub.go.id / APLIKASI MITRA DARAT,APLIKASI SAPAWARGA (SAMBARA),28-Feb-27,22-Mar-27,TRUE,TRUE,
145,DC PWK,T8426AO,PWK651,DOUBLE,21 Okt 2026,147,OK,2 Okt 2026,128,OK,ujiberkala-dstj.kemenhub.go.id / APLIKASI MITRA DARAT,APLIKASI SAPAWARGA (SAMBARA),21 Okt 2026,2 Okt 2026,TRUE,TRUE,
146,DC PWK,T8059AN,PWK412,L300,14 Okt 2026,140,OK,7-Nov-26,164,OK,ujiberkala-dstj.kemenhub.go.id / APLIKASI MITRA DARAT,APLIKASI SAPAWARGA (SAMBARA),14 Okt 2026,7-Nov-26,TRUE,TRUE,
147,DC PWK,T8060AN,PWK413,L300,20 Okt 2026,146,OK,7-Nov-26,164,OK,ujiberkala-dstj.kemenhub.go.id / APLIKASI MITRA DARAT,APLIKASI SAPAWARGA (SAMBARA),20 Okt 2026,7-Nov-26,TRUE,TRUE,
148,DC PWK,T8623AL,PWK012,ENGKEL,14 Okt 2026,140,OK,25-Jan-27,243,OK,ujiberkala-dstj.kemenhub.go.id / APLIKASI MITRA DARAT,APLIKASI SAPAWARGA (SAMBARA),14 Okt 2026,25-Jan-27,TRUE,TRUE,
149,DC PWK,T8624AL,PWK014,ENGKEL,20 Okt 2026,146,OK,25-Jan-27,243,OK,ujiberkala-dstj.kemenhub.go.id / APLIKASI MITRA DARAT,APLIKASI SAPAWARGA (SAMBARA),20 Okt 2026,25-Jan-27,TRUE,TRUE,
150,DC PWK,T8846AK,PWK118,ENGKEL,14 Okt 2026,140,OK,22-Feb-27,271,OK,ujiberkala-dstj.kemenhub.go.id / APLIKASI MITRA DARAT,APLIKASI SAPAWARGA (SAMBARA),14 Okt 2026,22-Feb-27,TRUE,TRUE,
151,DC PWK,T8911AP,PWK121,L300,14 Okt 2026,140,OK,11 Mei 2027,349,OK,ujiberkala-dstj.kemenhub.go.id / APLIKASI MITRA DARAT,APLIKASI SAPAWARGA (SAMBARA),14 Okt 2026,11 Mei 2027,TRUE,TRUE,
152,DC PWK,T8933AK,PWK662,DOUBLE,14 Okt 2026,140,OK,12-Apr-27,320,OK,ujiberkala-dstj.kemenhub.go.id / APLIKASI MITRA DARAT,APLIKASI SAPAWARGA (SAMBARA),14 Okt 2026,12-Apr-27,TRUE,TRUE,
153,DC PWK,T8934AK,PWK663,DOUBLE,14 Okt 2026,140,OK,12-Apr-27,320,OK,ujiberkala-dstj.kemenhub.go.id / APLIKASI MITRA DARAT,APLIKASI SAPAWARGA (SAMBARA),14 Okt 2026,12-Apr-27,TRUE,TRUE,
154,DC PWK,T8625AL,PWK024,ENGKEL,14 Okt 2026,140,OK,25-Jan-27,243,OK,ujiberkala-dstj.kemenhub.go.id / APLIKASI MITRA DARAT,APLIKASI SAPAWARGA (SAMBARA),14 Okt 2026,25-Jan-27,TRUE,TRUE,
155,DC PWK,F8654GK,PWK625,ENGKEL,28-Feb-27,277,OK,3 Des 2026,190,OK,ujiberkala-dstj.kemenhub.go.id / APLIKASI MITRA DARAT,APLIKASI SAPAWARGA (SAMBARA),28-Feb-27,3 Des 2026,TRUE,TRUE,
156,DC PWK,E8105KX,PWK424,L300,25-Sep-26,121,OK,13-Sep-26,109,OK,ujiberkala-dstj.kemenhub.go.id / APLIKASI MITRA DARAT,APLIKASI SAPAWARGA (SAMBARA),25-Sep-26,13-Sep-26,TRUE,TRUE,
157,DC PWK,E8104KX,PWK425,L300,28 Okt 2026,154,OK,13-Sep-26,109,OK,ujiberkala-dstj.kemenhub.go.id / APLIKASI MITRA DARAT,APLIKASI SAPAWARGA (SAMBARA),28 Okt 2026,13-Sep-26,TRUE,TRUE,
158,DC PWK,E8110KX,PWK426,L300,23-Sep-26,119,OK,19-Sep-26,115,OK,ujiberkala-dstj.kemenhub.go.id / APLIKASI MITRA DARAT,APLIKASI SAPAWARGA (SAMBARA),23-Sep-26,19-Sep-26,TRUE,TRUE,
159,DC PWK,B9689FCC,PWK082,DOUBLE,17-Sep-26,113,OK,8-Mar-27,285,OK,ujiberkala-dstj.kemenhub.go.id / APLIKASI MITRA DARAT,APLIKASI SAPAWARGA (SAMBARA),17-Sep-26,8-Mar-27,TRUE,TRUE,
160,DC PWK,T8403AQ,PWK068,DOUBLE,17-Sep-26,113,OK,10 Okt 2026,136,OK,ujiberkala-dstj.kemenhub.go.id / APLIKASI MITRA DARAT,APLIKASI SAPAWARGA (SAMBARA),17-Sep-26,10 Okt 2026,TRUE,TRUE,
161,DC PWK,T8404AQ,PWK073,DOUBLE,17-Sep-26,113,OK,10 Okt 2026,136,OK,ujiberkala-dstj.kemenhub.go.id / APLIKASI MITRA DARAT,APLIKASI SAPAWARGA (SAMBARA),17-Sep-26,10 Okt 2026,TRUE,TRUE,
162,DC PWK,T8405AQ,PWK078,DOUBLE,17-Sep-26,113,OK,10 Okt 2026,136,OK,ujiberkala-dstj.kemenhub.go.id / APLIKASI MITRA DARAT,APLIKASI SAPAWARGA (SAMBARA),17-Sep-26,10 Okt 2026,TRUE,TRUE,
163,DC PWK,T8406AQ,PWK079,DOUBLE,17-Sep-26,113,OK,10 Okt 2026,136,OK,ujiberkala-dstj.kemenhub.go.id / APLIKASI MITRA DARAT,APLIKASI SAPAWARGA (SAMBARA),17-Sep-26,10 Okt 2026,TRUE,TRUE,
164,DC PWK,T8070AQ,PWK514,ENGKEL,17-Sep-26,113,OK,5 Okt 2026,131,OK,ujiberkala-dstj.kemenhub.go.id / APLIKASI MITRA DARAT,APLIKASI SAPAWARGA (SAMBARA),17-Sep-26,5 Okt 2026,TRUE,TRUE,
165,DC PWK,B9203UCP,PWK401,L300,16-Sep-26,112,OK,15 Okt 2026,141,OK,ujiberkala-dstj.kemenhub.go.id / APLIKASI MITRA DARAT,CEK RANMOR,16-Sep-26,15 Okt 2026,TRUE,TRUE,
166,DC PWK,T8390AQ,PWK060,DOUBLE,16-Sep-26,112,OK,25-Sep-26,121,OK,ujiberkala-dstj.kemenhub.go.id / APLIKASI MITRA DARAT,APLIKASI SAPAWARGA (SAMBARA),16-Sep-26,25-Sep-26,TRUE,TRUE,
167,DC PWK,T8395AQ,PWK062,DOUBLE,16-Sep-26,112,OK,2 Okt 2026,128,OK,ujiberkala-dstj.kemenhub.go.id / APLIKASI MITRA DARAT,APLIKASI SAPAWARGA (SAMBARA),16-Sep-26,2 Okt 2026,TRUE,TRUE,
168,DC PWK,T8058AQ,PWK632,ENGKEL,4-Sep-26,100,OK,22-Sep-26,118,OK,ujiberkala-dstj.kemenhub.go.id / APLIKASI MITRA DARAT,APLIKASI SAPAWARGA (SAMBARA),4-Sep-26,22-Sep-26,TRUE,TRUE,
169,DC PWK,T8069AQ,PWK513,ENGKEL,16-Sep-26,112,OK,5 Okt 2026,131,OK,ujiberkala-dstj.kemenhub.go.id / APLIKASI MITRA DARAT,APLIKASI SAPAWARGA (SAMBARA),16-Sep-26,5 Okt 2026,TRUE,TRUE,
170,DC PWK,T8865AP,PWK069,DOUBLE,4-Sep-26,100,OK,24-Mar-27,301,OK,ujiberkala-dstj.kemenhub.go.id / APLIKASI MITRA DARAT,APLIKASI SAPAWARGA (SAMBARA),4-Sep-26,24-Mar-27,TRUE,TRUE,
171,DC PWK,T8879AP,PWK125,ENGKEL,4-Sep-26,100,OK,3-Apr-27,311,OK,ujiberkala-dstj.kemenhub.go.id / APLIKASI MITRA DARAT,APLIKASI SAPAWARGA (SAMBARA),4-Sep-26,3-Apr-27,TRUE,TRUE,
172,DC PWK,T8389AQ,PWK059,DOUBLE,4-Sep-26,100,OK,25-Sep-26,121,OK,ujiberkala-dstj.kemenhub.go.id / APLIKASI MITRA DARAT,APLIKASI SAPAWARGA (SAMBARA),4-Sep-26,25-Sep-26,TRUE,TRUE,
173,DC PWK,T8396AQ,PWK063,DOUBLE,16-Sep-26,112,OK,2 Okt 2026,128,OK,ujiberkala-dstj.kemenhub.go.id / APLIKASI MITRA DARAT,APLIKASI SAPAWARGA (SAMBARA),16-Sep-26,2 Okt 2026,TRUE,TRUE,
174,DC PWK,T8397AQ,PWK057,DOUBLE,16-Sep-26,112,OK,2 Okt 2026,128,OK,ujiberkala-dstj.kemenhub.go.id / APLIKASI MITRA DARAT,APLIKASI SAPAWARGA (SAMBARA),16-Sep-26,2 Okt 2026,TRUE,TRUE,
175,DC PWK,T8519AQ,PWK437,L300,5-Sep-26,101,OK,6-Mar-27,283,OK,ujiberkala-dstj.kemenhub.go.id / APLIKASI MITRA DARAT,APLIKASI SAPAWARGA (SAMBARA),5-Sep-26,6-Mar-27,TRUE,TRUE,
176,DC PWK,T8520AQ,PWK438,L300,4-Sep-26,100,OK,6-Mar-27,283,OK,ujiberkala-dstj.kemenhub.go.id / APLIKASI MITRA DARAT,APLIKASI SAPAWARGA (SAMBARA),4-Sep-26,6-Mar-27,TRUE,TRUE,
177,DC PWK,D8840EE,PWK617,DOUBLE,13-Sep-26,109,OK,9-Mar-27,286,OK,ujiberkala-dstj.kemenhub.go.id / APLIKASI MITRA DARAT,APLIKASI SAPAWARGA (SAMBARA),13-Sep-26,9-Mar-27,TRUE,TRUE,
178,DC PWK,F8403GM,PWK612,ENGKEL,16-Sep-26,112,OK,3-Mar-27,280,OK,ujiberkala-dstj.kemenhub.go.id / APLIKASI MITRA DARAT,APLIKASI SAPAWARGA (SAMBARA),16-Sep-26,3-Mar-27,TRUE,TRUE,
179,DC PWK,F8401GM,PWK614,ENGKEL,10-Sep-26,106,OK,3-Mar-27,280,OK,ujiberkala-dstj.kemenhub.go.id / APLIKASI MITRA DARAT,APLIKASI SAPAWARGA (SAMBARA),10-Sep-26,3-Mar-27,TRUE,TRUE,
180,DC PWK,F8756GP,PWK047,L300,11-Sep-26,107,OK,1-Nov-26,158,OK,ujiberkala-dstj.kemenhub.go.id / APLIKASI MITRA DARAT,APLIKASI SAPAWARGA (SAMBARA),11-Sep-26,1-Nov-26,TRUE,TRUE,
181,DC PWK,B9707FCC,PWK046,ENGKEL,10-Sep-26,106,OK,14-Mar-27,291,OK,ujiberkala-dstj.kemenhub.go.id / APLIKASI MITRA DARAT,APLIKASI SAPAWARGA (SAMBARA),10-Sep-26,14-Mar-27,TRUE,TRUE,
182,DC PWK,B9673FCC,PWK610,ENGKEL,11-Sep-26,107,OK,6-Mar-27,283,OK,ujiberkala-dstj.kemenhub.go.id / APLIKASI MITRA DARAT,APLIKASI SAPAWARGA (SAMBARA),11-Sep-26,6-Mar-27,TRUE,TRUE,
183,DC PWK,B9714FCC,PWK102,ENGKEL,27 Agu 2026,92,OK,14-Mar-27,291,OK,ujiberkala-dstj.kemenhub.go.id / APLIKASI MITRA DARAT,APLIKASI SAPAWARGA (SAMBARA),27 Agu 2026,14-Mar-27,TRUE,TRUE,
184,DC PWK,B9711FCC,PWK050,ENGKEL,26 Agu 2026,91,OK,14-Mar-27,291,OK,ujiberkala-dstj.kemenhub.go.id / APLIKASI MITRA DARAT,APLIKASI SAPAWARGA (SAMBARA),26 Agu 2026,14-Mar-27,TRUE,TRUE,
185,DC PWK,B9706FCC,PWK511,ENGKEL,25 Agu 2026,90,OK,14-Mar-27,291,OK,ujiberkala-dstj.kemenhub.go.id / APLIKASI MITRA DARAT,APLIKASI SAPAWARGA (SAMBARA),25 Agu 2026,14-Mar-27,TRUE,TRUE,
186,DC PWK,B9710FCC,PWK049,ENGKEL,25 Agu 2026,90,OK,14-Mar-27,291,OK,ujiberkala-dstj.kemenhub.go.id / APLIKASI MITRA DARAT,APLIKASI SAPAWARGA (SAMBARA),25 Agu 2026,14-Mar-27,TRUE,TRUE,
187,DC PWK,B9865UCP,PWK404,L300,7-Jul-26,41,OK,16-Mar-27,293,OK,ujiberkala-dstj.kemenhub.go.id / APLIKASI MITRA DARAT,CEK RANMOR,7-Jul-26,16-Mar-27,TRUE,TRUE,
188,DC PWK,F8561GW,PWK132,ENGKEL,4-Jun-26,8,MENDEKATI JATUH TEMPO,19-Mar-27,296,OK,ujiberkala-dstj.kemenhub.go.id / APLIKASI MITRA DARAT,APLIKASI SAPAWARGA (SAMBARA),4-Jun-26,19-Mar-27,TRUE,TRUE,
189,DC PWK,F8534GW,PWK133,ENGKEL,3-Jun-26,7,MENDEKATI JATUH TEMPO,15-Mar-27,292,OK,ujiberkala-dstj.kemenhub.go.id / APLIKASI MITRA DARAT,APLIKASI SAPAWARGA (SAMBARA),3-Jun-26,15-Mar-27,TRUE,TRUE,
190,DC PWK,B9258FCA,PWK056,DOUBLE,1-Apr-26,-56,TELAT,10 Agu 2026,75,OK,ujiberkala-dstj.kemenhub.go.id / APLIKASI MITRA DARAT,APLIKASI SAPAWARGA (SAMBARA),1-Apr-26,10 Agu 2026,TRUE,TRUE,GENERAL CHECK UP
191,DC PWK,T8707AQ,PWK174,ENGKEL,5-Nov-26,162,OK,30 Okt 2026,156,OK,,,5-Nov-26,30 Okt 2026,TRUE,TRUE,
192,DC PWK,T8696AQ,PWK633,ENGKEL,20 Okt 2026,146,OK,17 Okt 2026,143,OK,,,20 Okt 2026,17 Okt 2026,TRUE,TRUE,
193,DC PWK,T8697AQ,PWK634,ENGKEL,21 Okt 2026,147,OK,17 Okt 2026,143,OK,,,21 Okt 2026,17 Okt 2026,TRUE,TRUE,
194,DC PWK,T8698AQ,PWK635,ENGKEL,22 Okt 2026,148,OK,17 Okt 2026,143,OK,,,22 Okt 2026,17 Okt 2026,TRUE,TRUE,
195,DC PWK,DD8630RZ,PWK422,ENGKEL,14 Okt 2026,140,OK,15-Mar-27,292,OK,ujiberkala-dstj.kemenhub.go.id / APLIKASI MITRA DARAT,APLIKASI BASUL MOBILE,14 Okt 2026,15-Mar-27,TRUE,TRUE,
,,,,,,,,,,,,,,,,,
,,,,,,,,,,,,,,,,,
,,,,,,,,,,,,,,,,,
,,,,,,,,,,,,,,,,,
,,,,,,,,,,,,,,,,,
,,,,,,,,,,,,,,,,,
,,,,,,,,,,,,,,,,,
,,,,,,,,,,,,,,,,,
,,,,,,,,,,,,,,,,,
,,,,,,,,,,,,,,,,,
,,,,,,,,,,,,,,,,,
,,,,,,,,,,,,,,,,,
,,,,,,,,,,,,,,,,,
,,,,,,,,,,,,,,,,,
,,,,,,,,,,,,,,,,,
,,,,,,,,,,,,,,,,,
